text,label
", очертании яйцевидные , перистые , сегментами сидячими почти сидячими , яйцевидными , 1.5 см дл.",0
"и в целом с такой характеристикой мышления животных, как способность к экстренному решению новых задач (см. ), а также с понятием антиципации как способности субъекта избирательно относиться к воздействиям среды и предвосхищать ее изменение (см. ).",1
Она рассматривает общение на уровне индивидуального бытия человека» (цитата);,1
"В функциональной системе результат представляет собой ее органическую часть, оказывающую решающее влияние как на ход ее формирования, так и на все ее последующие реорганизации.",1
"«Текст,- пишет он,- это функция времени» (из цитаты);",1
"Значение плотности , измеренное методом тяжелых жидкостей , составляет 2.48(3 ) г /см3 .",0
", 0.5 - 1 мм шир.",0
"кинетосом отходят три ленты , состоящие тесно сближенных микротрубочек .",0
"Целесообразность – закономерность, принцип, аналогичный причинности, но не сводящийся к ней.",1
Твердость шкале Мооса рав 7 .,0
"Марксистская психология рассматривает сознание как функцию мозга, представляющую собой специфически человеческое отражение бытия.",1
", черные , суховатые .",0
", поперечном срезе слегка сжатые спинки , ребра слегка волнистые , короткокрыловидные килевидные , часто неравные , иногда некоторые неразвитые .",0
агрегатах канонеровита кое-где позднее отложился тонкочешуйчатый желтовато - белый мусковит единичные кристаллики стеллерита .,0
"Лодочка 7 - 11 мм шириной , 14 - 19 мм длиной .",0
Спайность совершенная излом листоватый .,0
Стилодни 0.5 мм дл.,0
"Благодаря взаимодействию различных языковых средств высказывания Фр всегда выступают по сравнению с их аналогами на уровне Фп, с одной стороны, как функции более конкретные (из нескольких обобщенных возможностей реализуется одна, выступающая в том или ином конкретном варианте), а с другой - как обогащенные дополнительными элементами, обусловленными результатами лексико-грамматического взаимодействия, контекстом и речевой ситуацией.",1
"Цветки розовые , розоватые , желтоватые .",0
"его можно определить как «все, что не интеллект»;",1
А З. А имеется замкнутая пятиугольная ячейка .,0
"Как отмечает Э. В. Ильенков, «идеальное есть не индивидуально-психологический, тем более не физиологический факт, а факт общественно-исторический, продукт и форма духовного производства» (цитата);",1
"Глазки довольно маленькие , отношение POD : : OOD 0.",0
Пирамидальных окончаний кристаллов наблюдалось .,0
AR 1.46 - 1.52 .,0
При этом случайность определяется как беспричинность.,1
Самец ( голотип ) .,0
"У диплоидных (полиплоидных) организмов, клетки которых содержат по одному (несколько) набору хромосом каждого из родителей, одинаковые хромосомы получили название гомологичных хромосом, или гомологов.",1
Некоторые кристаллы полисинтетически сдвоиникованы ( 100 ) ; компоненты двойника связаны матрицей перехода .,0
"наружному краю гипопигий ( рис . 2 , / ) крепких длинных щетинках мелких внутреннему вентральному краю .",0
"«Письмо - это не язык, но всего лишь способ фиксации языка с помощью видимых знаков» (из цитаты);",1
"Таким образом, результат является неотъемлемым и решающим компонентом системы, инструментом, создающим упорядоченное взаимодействие между всеми другими ее компонентами.",1
"где c0 - концентрация раствора.""",1
8-м тергите ( 7 ) 8 - 10 волосков .,0
"Специфика его состоит в том, что это - идеальное отражение, формирующееся и развивающееся в процессе исторического развития человека.",1
Опушение груди брюшка светлое .,0
"Годовалые побеги утолщенные , короткие , темно - бурые , сушке чернеющие , серовато - шерстисто - опушенные .",0
"Иногда щеки узкой темной полоской заднего края , окраска переднеспинки может быть почти как Ph.",0
"Макроскопически давинчиит - минерал тсмно - сирснсвого цвета , тонких сколах микроскопом бледно - сирснсвый .",0
", 2 - 3 см шир.",0
"Голова плоская , опистогнатическая , выпуклым лбом , черная тонким светлым рисунком - светло - бурыми ( части особей белыми ) подантеннальными кольцами , полосками глазного канта окантовкой наличника .",0
Эта лента проходит стенке правой складки бороздки ( рис. 3.,0
"При этом популяция хищника (жертвы) есть не только причина структуры популяции жертвы (хищника), но и следствие.  популяция выступает и как причина и как следствие.  совокупный вещественно-энергетический субстрат организмов популяции остается всего лишь носителем приспособленности.",1
"Значение слова описывается как «высшая ступень отражения действительности в сознании человека, та же ступень, что и понятие» (Степанов Ю. С, 1975, с. 13), и определяется так же, как понятие («значение слова отражает общие и одновременно существенные признаки предмета, познанные в общественной практике людей»).",1
"В отечественной психологии под навыком принято понимать действие, доведенное до автоматизма путем многократных повторений;",1
"Перфорационные пластинки простые ( обр. 260 , табл .",0
где M - матричный элемент процесса;,1
"Несколько неформально модуль развития может определяться как подсистема, проявляющая некоторое относительно автономное поведение (von Dassow, Munro, 1999).",1
"Хвост дзинный , состоит передней конической части задней более узкой , цилиндрической .",0
4-й членик жгутика усиков 1.,0
Люминесценция У. Ф - лучах зеленая ( типичная уранил - иона ) .,0
"Конечности темные : коксы черные , бедра 3 последних членика лапок темно - коричневые , вершины члеников лапок черноватые , голени метатарзус светло - коричневые .",0
"Л. Долежел, наоборот, рассматривает текст как автономную семиотическую структуру (из цитаты);",1
"Мезокарп паренхимных клеток , частично разрушающихся .",0
Пространственную организацию ядра также рассматривают как «механизм эпигенетической регуляции»;,1
"Глазки крупные , расположены вершинах выростов , имеют тонко перфорированную пластинку , окруженную широким гиалиновым кольцом .",0
"Ь , 4с ( 65 - 82 ) простые , опушенные ;",0
"Оно представляет собой и отношение людей друг к другу, и их взаимодействие, и обмен информацией между ними, их духовное взаимопроникновение.",1
"Голова светло - коричневая несколькими размытыми серо-коричневыми пятнами дорсальной части бокам рострума , темно - коричневой широкой срединной полосой вершины рострума середины наличника , скошенной вертикальной темно - коричневой полоской каждым глазом коричневыми участками мандибулах скапусах ; переднеспинка светло - коричневая темными пятнами приблизительно как Ph.",0
"Целесообразность как первопринцип биологии представляется синтезом причинности и случайности – случайной причинностью или причинной случайностью – особой формой закономерности, отнятой, «отжатой» жизнью, живыми системами у случайности как дополнительная закономерность.",1
"Кустарник невысокое дерево довольно сильно опушенными молодыми побегами ; кора ветвей серая ; колючки малочисленные вовсе отсутствуют , тонкие , 1 см дл. ; почки мелкие , шаровидные , 2 - 4 мм диам .",0
2V= 50 ( 10 ) ° .,0
"Например, такие выраженияпредставляют собой различные коммуникативные фрагменты.",1
"Мы условно будем говорить о контакте, так как термин """"коммуни­кация” обычно воспринимается как синоним общения и в то же время несет определенную (нежелательную в данном случае) методологическую нагрузку.",1
Однако прекращение борьбы за существование и вызываемого ею отбора приспособленных означало бы прекращение жизни как особого способа существовании материи.,1
Уг - 3 .,0
"Она (деятельность субъекта) - не только воздействие, изменение мира, но и общественный акт, позиция.",1
Минерал оптически двуосный отрицательный .,0
"Язык, как и другие знаковые системы, - это не просто заместитель реальных вещей.",1
"Зонтички 11 - 15-цветковые ; листочки оберточки сходные листочками обертки , краю короткошероховатые , короче зонтичка ; цветоножки 2 - 5 мм дл.",0
"Гоностиль ( рис . 2 , 2 ) короткий , длина 1.8 раз больше его ширины , крупный широко усеченной слегка вытянутой конечному зубцу вершиной , окруженный тонкими щетинками группой мелких зубчиков конечным .",0
"микроскопом проходящем свете звягинит бесцветный , плеохроирует .",0
Бескрылая живородящая самка ( изучены 13 экз . ) .,0
"Плотность , измеренная методом уравновешивания тяжелых жидко стях , составляет 2.",0
"Минерал представлен белыми плотными мелоподобными агрегатами размером 3 см ( рис. 1 ) крупных пустотах сростками волокнистых кристалликов , чаще расположенных мелких пустотах грейзенов .",0
", верхней части мелко шиповатые ; пирамидка 0.6 мм дл.",0
Длина тела половозрелых червей 3.,0
Длина передней шпоры передних голеней сухих экземпляров кажется небольшой доходит середины задней шпоры .,0
"Модель модифицированной гравитации стоит рассматривать как альтернативу О. ТО; заряд, являющийся эффективным проявлением дополнительных измерений.",1
"I , 3 ) .",0
"Рыльца 0.3 - 0.7 мм длиной , двулопастные .",0
И именно в результате диалога коммуникация как «превращение внешней формы во внутреннюю всегда является творческим процессом».,1
"субмаргинального ребра ретикулум отсутствует , поверхность щита выглядит гладкой .",0
Скутум длинных крепких дорзальных более мелких акростихальных щетинках .,0
"благодаря чему каждая точка края тени становится уникальной пробой потенциала Ч. Д; a = J/M - угловое ускорение Ч. Д, M - ее масса, а J - угловой момент.",1
"Системой можно назвать только такой комплекс избирательно вовлеченных компонентов, у которых взаимодействие и взаимоотношения принимают характер взаимо.",1
"Древесинные лучи многочисленные , слабогетерогенные гетерогенные , одно -трехрядные 2 20 ( 26 ) клеток выс.",0
Смысл жизни - это психологический способ переживания жизни в процессе ее осуществления.,1
"Анализ конкретных высказываний, опирающийся на понятие К. С, представляет собой один из возможных способов изучения Фр. Значение формы - это ее системно значимое внутреннее свойство.",1
СОдействия компонентов на получение фокусированного полезного результата.,1
"клетках лучей аксиальной паренхимы обнаружены кристаллы оксалата кальция кристаллический песок ( обр. 261 , табл .",0
"Мы уже видели, что для Бахтина взаимосвязи между репликами реального диалога (беседы, дискуссии и т.д.) являются наиболее наглядным и простым видом диалогических отношений.",1
Крылья 7 - 10 мм дл.,0
Вторым свойством авторского начала следует назвать степень сложности;,1
"Пресекторальное поле переднего крыла 5 - 8 поперечными жилками ( обычно 6 - 7 ) , заднего крыла - 4 - 7 .",0
"Стеклит хрупкий , очень тонкие листочки гибки .",0
"Щетинки lb , 2а , За , J6 , 4а , 4.",0
Голень 195 - 198 сенсиллами .,0
Коммуникация - это линия под напряжением.,1
"Венчик 15 мм длиной , сиреневато - голубой , снаружи опушенный шероховатыми нежелезистыми волосками .",0
"Звягинит хрупкий , спайность совершенная {001 } ; микроскопом видны еще два направления средней спайности , приблизительно перпендикулярные как друг другу , так грани .",0
"Понятие навигации, которое изначально сводилось к определению курса и положения плавательного корабля, в этом плане можно осмысливать как коммуникативную деятельность по нахождению значимого «пути».",1
"Таким образом, первая и основная особенность высказывания как единицы речевого общения - это смена речевых субъектов.",1
"Итак, сознание человека, как и сама его деятельность, не аддитивно.",1
"Цель – аналог следствия («конечная причина»), стремление – аналог причины, а целесообразность – соответствие цели - обращенный аналог причинности.",1
"Однако в обеих традициях навык рассматривается как образование, формирующееся через тренировку и практику.",1
"Основное содержание дления - это повседневная борьба за существование, в которой популяция остается носителем приспособленности.",1
"h38 = 43 = S43 - инверсионный поворот вокруг оси z, отражения соответственно в плоскостях ( ̄110) (110), h4 - поворот вокруг оси z на 180◦, h3, h2 - повороты на этот же угол соответственно вокруг осей y и x.",1
"Мариинскит люминесцирует коротковолновом ( 254 нм ) длинноволновом ( 315 нм ) ультрафиолетовом свете , катодных лучах .",0
"Оптически двуосный , плеохроизм наблюдается , серые цвета интерференции , угол погасания 45 ° , = 1.493(5 ) , ( 3 определен ,",0
"Волоски 3-го членика слабо головчатые ( 0.022 - 0.028 ) , 0.6 - 0.8 его базального диаметра .",0
"boldyrevi , анальная пластинка более сходна таковой Ph.",0
"Даже сама идея хроногеометрии о времени как о четвертом измерении пространства - времени; формы пространства и времени, будучи абсолютными условиями бытия; представление о временной последовательности одноместных событий как односторонней причинно-следственной связи; биологическое время остается организменным понятием; организменное время следует считать физическим временем.",1
"boldyrevi , генитальная - промежуточная таковыми этих видов форме ; гениталии ( рис. 2 , 5 ;",0
"Из самого выражения «управляющая система» следует, что она уже сама является полноценной системой, несмотря на то что управляемый объект находится вне ее.",1
"Дисперсия оптических осей слабая , г < v.",0
"Блеск стеклянный , излом неровный .",0
Листья 6 - 15см дл.,0
", остатком столбика 0.25 мм дл.",0
Физические свойства оптические характеристики .,0
"Зубцы чашечки ланцетные треугольные , почти равные немного короче .",0
"Солитоны - волны, локализованные за счет нелинейных механизмов, - обычно разделяются на два класса.",1
", 0.6 - 1 мм шир.",0
"Последний членик хоботка короткий стройный , конце заостренный , равен 0.8 - 0.9 длины 2-го членика задней лапки , 16 - 24 дополнительными волосками ( рис. \в ) .",0
"1с ( 41 - 53 ) дерете новидные , опушенные .",0
Эпимеральная область ( рис. 1.,0
"тангентальном сечении лучи линейные веретеновидные , их клетки различной величины формы округлые , овальные , вытянутые оси луча ее , краевые клетки более менее заостренные .",0
задней части клетки обнаружены субмембранные микротрубочки ( рис. 45 ) .,0
"парагенезису данным природного образования толбачита CuCl2 ( Effcnberger , 1988 ) эвхло - рина , температурный интервал устойчивости ламмсрита-p составляет 400 - 650 ° С.  Владимиривановит Тултуйского месторождения обладает темно- синей чернильно - синей окраской , как правило , неоднородной пятнистой ; цвет черты темно- синий , цвет порошка - темно- синий , чернильно - синий , неоднородный .",0
"Дело в том, что для самого субъекта осознание и достижение им конкретных целей, овладение средствами и операциями действия есть способ утверждения его жизни, удовлетворения и развития его материальных и духовных потребностей, опредмеченных и трансформированных в мотивах его деятельности. .личностный смысл – это всегда смысл чего-то: """"чистый"""", непредметный смысл есть такая же бессмыслица, как и непредметное существо.",1
Зрелые мерикарпии 3.5 - 4.2 мм дл.,0
воде растворяется ; дает реакцию фосфор ( NH^MoCH растворения HNO3 .,0
"Если угол между направлением импульса падающего электрона Ро и волновым вектором k (о - угол скольжения падающего электрона), то условие Вульфа-Брэгга имеет вид вероятности кластера.",1
Зонтички 1 - 1.,0
Аксиальная паренхима представлена достаточно обильной апотрахеальной - диффузной скудной паратрахеальной - вазицентрической типами .,0
"1 , их обозначения - табл .",0
"в процессе общественной практики, а значит, и является фактом объективной действительности, независимым от индивидуального сознания человека (из цитаты);",1
", довольно постепенно переходящая носик 2.5 - 3 мм дл .",0
В этом типе системно-парадигматического анализа каждое из языковых средств рассматривается как обладающее определенным семантическим потенциалом.,1
"НК, или одной Н. К».",1
"Еще один широко используемый термин – некогнитивные навыки – пришел из экономических исследований, где под ним понимается все, что не относится к рациональным аспектам принятия экономических решений .",1
"темпоральных щетинок головы присутствуют 5 - 6 наружных вертикальных , 1 внутренняя вертикальная 3 посторбитальные .",0
Совершенная спайность наблюдается направлении ( 001 ) .,0
"Межсосудистая поровость точечная очередная , окаймленные поры расположены свободно .",0
", сверху голые , снизу слегка опушенные , краю усеянные железками единичными волосками ; листочки числе 5 - 7 удлиненно - эллиптические , мелкие 14 - 25 мм дл.",0
Дискурс – это речь «погруженная в жизнь».,1
"краям лучи обрамляют слои квадратных короткостоячих клеток , высота которых 1.2 - 1.5 раза превышает длину , иногда такие слои перемежаются слоями лежачих клеток .",0
Листочки обертки отсутствуют .,0
"""Функция в потенциальном аспекте (Фп) - это присущая той или иной единице в языковой системе способность к выполнению определенного назначения и к соответствующему функционированию.",1
Ванадиопаргасит образует преимущественно гипидиоморфные коротко - длиннопризматические кристаллы размером 0.10 - 0.80 X 0.05 - 0.10 мм .,0
Невысокий кустарник 50 - 100 см выс .,0
4. А ) .,0
2 . 9 - 13 ) .,0
тонких сколах прозрачный .,0
Цвет жизни .,0
"Эти непонятийные С. Д, входящие в лексический фон, мы будем теперь называть по их принадлежности - фоновыми С. Д. Речь идет только о степени присутствия некоторого качества: минимум сведений, например, о дереве, по Потебне, - это ближайшее значение, максимум (в ботаническом описании) - дальнейшее.",1
"где Δμ - разность химических потенциалов свободного мономера в растворе и мономера в составе кластера, σ - поверхностное натяжение, r0 - радиус мономера.",1
Просвет фаринкса сильно тикулизирован .,0
", равны чуть короче цветоножек , негусто черноволосистые .",0
"Клубень шаровидный , 1 - 1.5 см диам.",0
К.Ф - это целостный отрезок речи;,1
Обычно каждая пара штрихов включает одну пору .,0
"Плоды трудом распадаются 2 мерикарпия , колонка цельная .",0
"Общая окраска тела желтоватая фиолетово - коричневым пигментом глаз , глазков , усиков , лбу , бокам клипеуса , верхней нижней губе , верхних нижних челюстях , щупиках , усиках , ногах , основаниях нерок , каудального филамента последнем сегменте брюшка .",0
", снабженные узкими , почти нитевидными нерасчлененными густо - железистыми придатками , снизу краю обильно усеянные стебельчатыми железками , сверху коротко - волосистые .",0
2 - 1.,0
"Лоб продольной срединной бороздкой , более заметной усиковых бугорков .",0
"Кубитоанальное поле переднего крыла однорядное , добавочных поперечных жилок , 2.",0
Показатели преломления света длиной волны 589 нм составляют : Np= 1.,0
"Блеск отдельных пластинок стеклянный , корки матовые .",0
"На наш взгляд, смысл жизни - это и способность субъекта переживать ценность жизненных проявлений своей индивидуальности, своего «я», своей личности.",1
15 - 18 мкм диам.,0
"Кисти короткие , продолговато - яйцевидные , 3 - 4.5 см дл.",0
"Длина переднего крыла 24 - 33 мм ( мода 27 ) , заднего крыла 23 - 29 мм ; длина брюшка обоих полов 18 - 25 мм .",0
Коммуникативное событие как диалог - это всегда достижение;,1
"агрегатов черта белая , блеск матовый шелковистого , твердость 1 - 2 .",0
"паренхиме имеются симбиотические зоохлореллы , их количества цвет тела червей меняется бледно - зеленого темно - зеленого .",0
Угол угасания составляет 4 - 5° удлинения кписталла 1т.  е.,0
ультрафиолетовых лучах ( X 240 - 400 нм ) нс люминисцирует .,0
Попытки измерить плотность минерала методом уравновешивания тяжелых жидкостях дали удовлетворительного результата причине ажурного характера агрегатов .,0
"Многолетник толстым волокнистым корнем корневищем , несущими спящие почки цветоносные стебли .",0
"где ΔG(n) - работа по образованию кластера размером n , равная изменению термодинамического потенциала Гиббса при образовании в растворе кластера из n мономеров.",1
Поясок широкой вальвокопулой вертикальными рядами мелких пор узкими воротничковидными вставочными ободками рядами более крупных пор .,0
"Флаг продолговато - обратнояйцевидный , верхушке выемчатый , 15 - 23 , 8 - 14 мм длиной .",0
"Продорсум ( рис . 1 , 2 ) .",0
Подстолбия короткоконические ; стилодии 0.5 - 0.7 мм дл.,0
"Членики сосудов тонкостенные толщиной оболочек 1.8 - 2.5 мкм , цилиндрические , 100 - 190 мкм дл.",0
"Листья голые , прикорневые , черешках 2 - 3 см дл. ; ланцетными влагалищами ; пластинки 5 - 8 см дл.",0
"Скапус снизу отчетливо двумя килями , нижний киль пластинчатый , верхний слабый .",0
"Один из теоретиков полезности экономист Bross (1953) так определяет значение пользы: «Суд последней инстанции - это по блестящий словесный аргумент, не солидно звучащий абстрактный принцип и даже не ясная логика или математика, - это результат в реальном мире».",1
"Популяционные волны - это флуктуации вокруг некой моды, в то время как изоляцией мы называем перерыв или полное нарушение панмиксии;",1
Мужские сережки 2 - 2.5 см длиной .,0
"Модели с двумя дублетами хиггсовских полей, являющиеся расширением С. М, рассмотрены в .",1
"Затылочный киль сверху отчетливый , нижней стороне головы он продолжается острый защечный киль длиной одну треть расстояния затылочным килем ротовой ямкой .",0
Самцы имеют аксиллярные пластинки .,0
Сверхфразовое единство представляет собой замкнутую структуру (даже при наличии в нем деиктических элементов).,1
растворим воде флуоресцирует .,0
Усики монохромные .,0
Передние медиальные глаза два раза мельче задних ; сближены ( расстояние глазами меньше диаметра глаз ) .,0
"Функция данной лексемывыступает не как отдельный самостоятельный объект, а как один из элементов более широкого целого во взаимодействии с другими его элементами.",1
"апелляция к объяснительным редукционистским теориям должна рассматриваться как регресс психологического знания.""",1
"Большинство щетинок простые , некоторые наружные ( ногах I , П ) , внутренние ( ногах 111 , IV ) дорсальные - широкие , вогнуто - листовидные , округлые дистально трубчатые основания .",0
"Церки 12 - 13 -члениковые , каждый членик , 1 - 2 вершинных несет внутренней стороны 1 - 3 боковых опорных шипа .",0
"иммерсии бесцветный прозрачный , двуосный ( - ) , отрицательным удлинением пластинок близким прямому угасанием ( cNp = 0 - 7 ° , возможно , расщепления кристаллов ) ; ng 1.459 , пр 1.453 , двупреломленне 0.005 - 0.006 .",0
"Сосудисто - лучевая иоровость точечная , поры мелкие 1.5 - 2.0 мкм , округлые слегка втянутые оси луча , расположены супротивно диффузно , каждая радиальная стенка несет 3 6 ( 8 ) пор ( обр. 260 , табл .",0
"Теория покоя – статика, теория движения – динамика.",1
"Листья 2 - 9 см длиной 1.5 - 5 см шириной , овальные , продолговатоовальные продолговато - обратноланцетные , острые короткозаостренные , основании ширококлиновидные округлые , пильчатые , расставленными мелкими согнутыми зубцами почти цельнокрайные , слегка подвернутые , плотные ( жестковатые сухом состоянии ) , рассеянно - волосистых более менее густо опушенных , сверху ярко-зеленые , лоснящиеся , снизу сизые , слабо выступающими боковыми жилками .",0
Спиральные утолщения стенках сосудов волокнистых элементов отсутствуют .,0
"«принцип системности, прошедший естественный отбор временем, радикальным изменением идеологического контекста и сменой ключевых фигур нашей психологической науки, может быть сформулирован в виде необходимости в психологии многоуровневых объяснений, объединяющих разные уровни причинности.",1
"Проксимальный край широкий гладкий , задняя кромка узкая .",0
З ( рис. 4 /1 ) .,0
"Под C1 можно понимать удвоенную Массу Ч. Д, под C2 - какой-либо из ее зарядов.",1
Общение представляет собой многогранный процесс взаимодействия и взаимовлияния людей друг на друга.,1
"Генетическая информация о структуре отдельных белков и нуклеиновых кислот у всех организмов заключена в молекулах Д. НК или Р. НК в виде последовательностей нуклеотидов, называемых генами.",1
Лоб щеки слегка выпуклые .,0
"boldyrevi , отличаются некоторыми перечисленными ниже признаками .",0
"Подстолбие коротко - коническое , основании валиком .",0
"трудовая деятельность не есть простая совокупность трудовых действий, не есть беспорядочное проявление организма, точно так же речевая деятельность не есть совокупность речевых актов, совокупность «брошенных» высказываний.",1
", толстоватые , отклоненные .",0
Взаимодействие между популяциями есть прежде всего изначальное непрерывное взаимоотражение их статических структур.,1
"“Мое всеоб­щее сознание есть лишь теоретическая форма того, живой формой чего является реальная коллективность”.",1
"Притяжения и отталкивания – причины движения и развития, зарождения, роста, существования, жизни, старения, распада и смерти материальных систем.",1
"Прикорневые листья длинных тонких черешках , треугольной очертании , трижды тройчатой пластинкой 3 - 7 см дл.",0
"В нерелятивистском приближении пондеромоторная сила, действующая на отдельный электрон, оказывается направленной вдоль градиента средней интенсивности поля и поэтому часто называется градиентной силой.",1
"Плоды 6 - 8 мм длиной , яйцевидно - веретеновидные , светло - коричневые , рыхло войлочно опушенные , опушенных ножках 0.5 - 1 мм длиной ( рис . 1 , смотри вклейку ) .",0
Теламон i обнаружен .,0
"Поры овальные , овально - вытянутые , довольно крупные , длинной осью , перпендикулярной оси членика сосуда , их размер 2.8 - 3.0 X 1.",0
"Цветки собраны довольно плотный колос 2 - 3 см длиной , редко нижние мутовки бывают отставленными основных тогда они сидят коротких ножках пазухах листьев .",0
"Плоды эллипсоидальные , 13 - 18 мм дл.",0
Id ) .,0
"прозрачных шлифах мариинскит имеет изумрудно - зеленый цвет , более светлый , чем эсколаита .",0
Излом раковистый .,0
В одной из распространенных трактовок сознания оно определяется как совместное знание (Joint or Mutual Knowledge).,1
"Звягинит полупрозрачный прозрачного , бесцветный , жемчужно - белый , кремовый , желтовато - коричневатый , реже бледно - розовый сиренево - розовый .",0
"Усики шести - члениковые , составляют 0.9 - 1.0 длины тела .",0
"В этом плане коммуникация представляет собой повседневный, обыденный процесс, участниками которого -наряду с нами - становятся любые объекты;",1
В других концепциях сознание рассматривается как соотнесение индивидом своего субъективного опыта с социально-выработанными образцами.,1
"Прионы представляют собой наследственные факторы у низших эукариот, но не у млекопитающих.",1
"Пальпы ( 139 - 143 ) четырехчлени- ковые , формула щетинок 0 - 1 - 3 - 10 ( +1ш ) .",0
"Ростральные {го , 184 - 192 ) , ламеллярные ( 1е , 246 - 250 ) , межламеллярные {in , 254 - 266 ) , передние экзоботридиальные {еха , 184 - 192 ) задние экзоботридиальные {ехр , 184 - 192 ) щетинки узколистовидные , расширены срединной части , опушены прямыми , плотно прилегающими друг другу , игловидными ресничками .",0
", довольно узкие , зеленые ; наружные листочки обертки яйцевидных яйцевидно - ланцетных , прилегающие внутренним , краям довольно широкобеловатые , почти перепончатые , заметными жилками , рожков , внутренние листочки линейно - ланцетные , рожков отчасти едва заметными рожками .",0
"Прилистники широкосерновидные , малым количеством крупных зубцов , стерильных побегах более крупные .",0
"""Термин ""семантический признак"" обозначает ту часть значения определенной содержательной единицы языка (обычно - лексемы), по которой она противопоставлена другой содержательной единице языка, при условии, что достаточно большая часть их значений совпадает.",1
"Строго говоря, это («геномные мутации») – модификационные (т.е.  ненаследуемые) изменения белков, которые тем не менее влекут за собой наследственные изменения генома.",1
"и по этой причине другое часто используемое название (особенно в физике плазмы) - это «сила Гапонова-Миллера».  где  - векторный потенциал поля, E:o(r) и w - амплитуда его напряженности и частота, горизонтальная черта обозначает усреднение по периоду поля.",1
"выделенных кристаллах заметны грани призм ( 110 ) ( 010 ) нередко видна характерная амфиболов грубая штриховка , вероятно , гранях ( 110 ) ( рис . 1 ) .",0
"Сознание рассматривается так же, как тотальность впечатлений, мыслей и чувств, которые создают личность.",1
А.Ф.Корниенко постулирует: «психика – это свойство мозга; нет мозга – нет психики» .,1
"Транзитные ( переходные ) чешуйки редуцированным ретикулум , 1.",0
"Ноги длинные слабо головчатыми волосками , 1-м членике лапок 5 , 5 , 5 волосков .",0
"Иными словами, текст – это не что иное как взгляд на дискурс только с точки зрения внутреннего (иманнентного) строения речевого произведения.",1
Принцип целесообразности является категориальным основанием теоретической биологии;,1
Хрупкий .,0
", основании клиновидные длинно заостренной верхушкой , сверху голые единичными волосками , снизу опушены , средней жилке примесью железок , краю сложно - зубчатые железками концах зубцов .",0
"Кроющие чешуи светлоокрашенные ( палевые ) , средней жилки нередко присутствует красно - бурый цвет , который часто сохраняется виде красно - бурых продольных штрихов ; средней части чешуи расположена выступающая более светлая жилка , выходящая верхушке узкого неглубокого выреза виде ости 5 - 7 мм дл .",0
Что же такое лингвистика?,1
Обертки 11 - 13 мм шир.,0
Внутренние губные сенсиллы форме мелких папилл едва заметны .,0
"ih , ips ) - позициях , типичных представителей подрода .",0
Хромосомные мутации – тоже суть события преимущественно рекомбинационные;,1
"сложный механизм адаптации целостного растения к внешним условиям, который A.Trewavas  называет «разумным», в действительности является суммой и кооперацией совокупности адаптационных процессов, осуществляемых разными клетками и органами искомого растения.",1
препаратах длина передней шпоры составляет менее половины задней .,0
"Ведь психика – это не просто система, а суперпозиция, т.е.  взаимоналожение разноуровневых систем – феноменологической, социальной, психофизиологической и др.»",1
"Брюшко серое , рисунка , дорсально редкими черными щетинками .",0
"Тело светлое , вершины 3-5-го , 6-й членик усиков , вершины голеней , лапки светло - бурые .",0
3 - 5 см шир.,0
"Биологическая система есть и в то же время и химическая, и физическая система, и подчиняется законам химии и физики.",1
6 шкале Мооса .,0
Минералогия .,0
"Тычинок 2 , свободными , волосисто опушенными нитями 5 мм длиной .",0
"Нектарники парные : адаксиальный двулопастный , 1 - 1.",0
"Бобы ножке , равной чуть длиннее чашечки , поникающие , неравнобокие продолговатые , часто несколько изогнутые , 7 - 13 мм дл.",0
"Многочисленные шипики , треугольные основании , рассеяны поверхности створки , редко шипики отсутствуют всей створке ее центральной части .",0
", так как ось , рассеянно прижато мелковолосистые ( рис . 2 ) .",0
Они представляют собой отношение между линиями сложных модусных перспектив.,1
", нами рассматриваются те же средства, что и в модусе высказывания.",1
Глаза расположены два ряда .,0
Лента л.,0
"Древесина рассеяннососудистая , просветы сосудов поперечном сечении округлые овальные , расположены главным образом одиночно , реже парами , группами 3 - 4 , рыхлыми радиальными косотангентальными цепочками 3 - 5 , нередко меняющими правильную ориентацию давлением породы фоссилизации ( обр. 261 , табл.",0
"Терминус хвоста гладкий , кутикуляций колец .",0
"Хелицеры длиной 0.5 мм ; грязно - коричневые , покрыты бугорками , несущими щетинки ( рис . 1 ) .",0
"II , / , 3 , 4 ) .",0
"Нотогастральных щетинок 16 пар ( 180 - 217 ) ; все они узколистовидные , опушенные , похожи форме ( рис. 2 , 2 ) продорсальные .",0
Явление было названо апокампическим разрядом или апокампом;,1
Измерения голотипа .,0
"Понятие soft skills определяется как комплекс черт личности, социальных умений, креативности, языковых навыков, дружелюбия и оптимизма, важных в работе и развиваемых в результате целенаправленного воздействия.",1
Смысл жизни как стремление с наибольшей полнотой реализовать себя в жизни;,1
1 - 1.,0
", линейно - обратноланцетные , голые , краям крупными , немногими зубцами почти лопастные , основания оттянутые длинный , бескрылый , бледно - зеленый черешок , верхушке оетроватые .",0
Плеохроизм наблюдается .,0
"Этот образ и есть то, как я представляю себе данное высказывание как целое.",1
Хрупкий .,0
"Голова снизу густых длинных волосках , размеры которых 2 раза превышают длину волосков глазах .",0
"Похожа самца , передними ногами генитальной пластинкой примерно как самки Ph.",0
Контекст - это понятие эко- логическое.,1
"Край створки узкий бесструктурный , отогнутый .",0
", голые , 2 - 3 мм диам .",0
"Цвет минерала темно - коричневый , черта коричневая , блеск сильный стеклянный .",0
Передние средние бедра основан им длинной трихоботрией - характерным сенсорным волоском .,0
", подземной части утонченные , поперечном сечении округлые , тонкие , 1 - 1.5 мм диам .",0
Окраска красно - коричневая .,0
"Кисти 15 - 35-цветковые , довольно густые , оси опушенные отстоящими волосками .",0
"Стебли многочисленные , 20 - 35 см высотой , восходящие , покрытые чешуевидными коричневыми листьями , опушены короткими более длинными вниз изогнутыми , нежелезистыми волосками , выше иногда значительной примесью коротких железистых волосков .",0
"Такое понимание позволяет рассматривать определенную группу носителей языка, имеющую сходные речеповеденческие проявления, как «коллективную языковую личность».",1
"Фамулюс ( е ) конический , короткий .",0
Измерения проведены микротвердометре У. И П. МТ- 3 нафузке 50 г .,0
"""Мейоз – это особый тип клеточного деле- ния, в результате которого образуются клетки, содержащие гаплоидный набор хромосом.""",1
втором членике лапок 15 - 24 волоска разной длины ( рис. ) .,0
"согласно которому функция представляет собой способ поведения, присущий к.-л.",1
Длина ( мм ) .,0
"Задние бедра голени утолщены вершине ( рис. 1,3 - 5 ) , задние бедра также резко сужены основании , задние голени постепенно расширяется основания вершине .",0
"Цветки одиночные соцветиях 2 - 3 ; цветоножки тонкие , железисто - щетинистые , 10 - 20 мм дл. ; чашелистики 25 мм дл.",0
орнамент кутикула разных участках тела разный .,0
Средние задние голени светлые бурыми продольными полосами бурыми вершинами .,0
Стоматоцисты неизвестны .,0
Минерал люминесцирует ультрафиолетовых лучах .,0
"Мезо - метаплевры блестящие , тонких поперечных морщинках .",0
Гипопигий .,0
"Растения многолетние , поликарпические , почти голые , вертикальным тонким корневищем , каудексом , цельным немного ветвистым .",0
"Точно так же столяр - это«рабочий, занимающийся обработкой дерева и пилением изделий из него», т.е.  любых деревянных изделий, а не только «столов».",1
Усики немного короче тела .,0
Лирифиесуры iad обнаружены .,0
"Фовеи амфидов форме поперечной щели двойным конту ром расположена уровне переднего кольца кутикул Ширина фовей амфидов 7.0 - 7.5 мкм , что равн ется 80 - 85 % диаметра тела данном уровь Слегка фонзей амфидов , субкутикуля ном слое имеются 6 сильно кутикулизированнг конусов .",0
Затылок сглаженной ячеистостью .,0
Завязи войлочно - опушенные .,0
"Епифановит оптически двуосный , отрицательный .",0
"В отличие от мотивов, которые в психологии рассматриваются как выражение потребностей, смысл - это не только стремление к чему-то, не только будущая цель, определяемая мотивом, но и то переживание, которое имеет место в процессе реализации данного мотива (или их совокупности).",1
"""Умственное действие характеризуется тем же: оно также представляет определенное целенаправленное изменение своего предмета Умственное действие есть умение произвести «мысленное» преобразование предмета.",1
"Шесть внешних губных сенсилл форме тонких , едва заметных щетинок , длиной 1 мкм .",0
"Смысл жизни как ответственность за ее осуществление, за ее способ связан с потребностью и способностью самостоятельно, на свой страх и риск, строить и осуществлять ее.",1
2 2 . 6 - 8 ) .,0
"Смысл жизни - это не только будущее, не только жизненная цель, но и психологическая «кривая» постоянного ее осуществления.",1
"Продольный диаметр глаза 1.3 раза больше поперечного 1.36 раза меньше расстояния глазами , измеренного уровне переднего глазка .",0
6 - 7 см шир. ),0
"Смыслу жизни противостоит отчуждение жизни от человека - лишение его реальных действии, поступков, их ценности, значимости, превращение их в функциональные.",1
", 8 - 10 -цветковые .",0
"Так что изоляция является чрезвычайно важным фактором формообразования, препятствующим вторичной нивелировке.",1
"Чашечки оттопырено опушенные , колокольчатые , трубкой 2 - 3.5 мм длиной , шиловидными зубцами 10 - 15 мм длиной ; прицветники , 8 - 13 мм длиной , 1.5 - 3.0 мм шириной , темно - бурые ; прицветнички ( 2 основании чашечки ) нитевидные , 5 - 8 мм длиной .",0
Четыре головные сенсиллы форме тонких щетинок длиной 2.,0
Хоботок доходит средних тазиков .,0
"Лобные волоски слабо головчатые ( 0.028 - 0.034 ) , равны 0.7 - 1.0 базального диаметра третьего членика усиков .",0
"Тело удлиненно - овальное , 2.24 - 3.",0
", 2 - 6 см шир .",0
Поэтому историческое развитие органического мира есть  особая форма движения материи.,1
"Но быть подверженным коммуникации - это не то же, что быть повременным ею;",1
1. 2 - 1.6 мм шир.,0
"В перечисленных подходах сознание трактуется как нечто, вытекающее из опыта индивида, как интегратор его внутренней жизни - впечатлений, переживаний, мыслей и т.д.",1
"Клетки очень маленькие , 8 - 11 мкм длиной , 4 - 6 мкм шириной , обычно эллипсоидные , апикальными щетинками воротником проксимального конца жгутика .",0
"Таким образом, контекст - это лингвистическая ситуация.",1
Модус текста – это аккорды модуса в пространстве текста звучащие уже как мелодия;,1
"1,1 ) .",0
"4 мкм ; апертуры включенные , округлые горизонтально - вытянутые , размером 0.8 - 1.0 0.8 - 1.",0
"Дарвинизм или теория происхождения видов естественным отбором является одной из основных теорий телеологии и состоит из трех частей: из теории изменчивости живых систем, теории естественного отбора в борьбе за существование и теории наследственности (генетики).",1
"4 мкм шириной , ориентированы поперек , купола , ромбические закругленными углами ; щит чешуйки ретикулом угловатых ячей центральной части .",0
Поскольку стоячая волна есть суперпозиция двух встречных бегуших волн одинаковой частоты; rдe k - волновой вектор одной из бегуших волн.,1
"Спайность несовершенная , базальная ; отдельность наблюдается .",0
Термин образ автора предложен В.В. Виноградовым как важнейший из инструментов стилистического анализа художественной речи;,1
Носик бобов 2 мм дл.,0
Ноги желтые ; бедро I слегка зачернено .,0
66 ( 1 ) г /см3 .,0
", 5 - 7-глубокораздельные ( 2/3 половины пластинки ) , широким основанием ; нижняя пара лопастей отделена остальных выемкой , расположенной уровне 1/4 - 1/3 пластинки .",0
"I , / , 2 ) короткими клювиками , расположенными чаще одного конца членика .",0
"Цвет минерала светло - зеленый , олеск стеклянный , пленках - матовый .",0
"В качестве средств выражения модуса текста, кроме специфических – заголовков/заглавий, текстовых пробелов, членения на абзацы и элементы диалога, интонации в устно произнесенных текстах и под.",1
"Г.Г.Филиппова использует термин «интеллектуальная форма регуляции деятельности», функция этой формы регуляции – «изменение поведения субъекта в соответствии с ситуативными, неповторяющимися изменениями объекта».",1
"Имеется 10 пар генитальных , 2 пары анальных 4 пары аданальных щетинок .",0
", а особую разновидность языкового творческого акта, имеющую свои параметры, отличные от параметров устной речи.",1
", 8 - 14 мм шир.",0
"Далее, не всякое общение является непосредственной реализацией именно и только общественных отношений.",1
"Средние верхние стеблевые листья продолговато - ланцетном , белопленчато - окаймлеином влагалище 1 - 1.5 см дл .",0
"Остальная поверхность головы мелких ячейках , фоне которых расположены крупные точки .",0
"Структура створки локулярных ареол , локулы цилиндрические , наружным сплошным велумом , крибральные поры которого расположены свободно , мелкими фораменами внутренней поверхности .",0
Фп представляет собой предпосылку и в известном смысле причину определенного поведения данной единицы во взаимодействии с ее средой.,1
"Созна­ние и личность рассматриваются как продукты и как “мо­менты”, стороны деятельности.",1
"Стебли одиночные числе нескольких , основании коротко покрытые пленчатыми остатками листьев , 4 - 17 см выс.",0
Конкретное языковое сознание представляет собой социально детерминированное явление.,1
Цвет препарате .,0
", пластинка его широкояйцевидная , неглубоко выемчатая длиннее ноготка ( рис . 1 ) .",0
Твердость шкале Мооса - 3 .,0
"изоляция - опять-таки не направляющий фактор эволюции, а фактор филогенетической дивергенции""",1
"Соленидии ф голенях I 11 , "" коленях I , коленях II - IV образуют двойную группу шетинкой d.",0
"факторами; текст, взятый в событийном аспекте; речь, рассматриваемая как целенаправленное социальное действие, как компонент, участвующий во взаимоотношении людей и механизмах их сознания (когнитивных процессах).",1
"Соцветие зонтиковидное , 1(2 ) короткими веточками .",0
Третий членик 1.3 - 1.,0
"Человек рассматривается как «рефлексивное животное», способное как бы создавать самое себя за счет интериоризации наблюдений и действий, осуществляемых по отношению к нему другими людьми.",1
"Адоральные щетинки гладкие : ог ) ( 32 - 41 ) листовидные , силь - расширенные редин но-проксимальной части ; ог2 ( 61 - 49 ) листовидные , расширенные срединной части ; ог2 ( 41 - 49 ) утолщенные , щетинковидные .",0
"Далее необходимо отметить, что метрики Шварцшильда, Рейснера – Нордстрома, Керра – Ньюмана не всегда являются точными решениями в расширенной теории гравитации;",1
"Наиболее общим пониманием деятельности является ее трактовка как конкретно-исторически обусловленного способа существования, бытия человека.",1
Длина тела 6.0 - 8.8 мм .,0
"Макроскопически штуфах минерал непрозрачен , шлифах - иногда прозрачный ; обладает стеклянного жирного блеском слабой спайностью ( 010 ) , хрупок .",0
"Встречаются поры угловатые , квадратные округлыми углами заостренно - вытянутые .",0
"Два вершинных членика щупиков цилиндрические , вершинный 1.5 раза длиннее предшествующего .",0
"Спайность совершенная ( 001 ) , хорошая ( 100 ) ( 010 ) , отдельности наблюдалось .",0
"Общение, как и деятельность вообще, есть, таким образом, способ и одновременно условие актуализации общественных отношений.",1
"Под первыми, понимаются все те случаи, когда какие-либо посторонние живому организму факторы препятствуют полному перемешиванию.",1
"Лодочка немного длиннее шире крыльев фиолетовым пятном верхушке ( 1 , в ) .",0
"проходящем свете минерал зеленый , дисперсии плеохроизма .",0
"Не совокупность изолированных речевых актов составляет объект лингвистики, а система речевых действий, речевая деятельность.",1
"Прицветники линейные линейно - ланцетные , 4 - 6 мм длиной , опушенные длинными курчавыми нежелезистыми короткими железистыми волосками .",0
Агрегаты состоят очень мелких удлиненных пластинчатых кристаллов объединенных параллельные расходящиеся пучки ( рис . 2 ) .,0
Экскреторн пора локализуется слегка нервного кол ца .,0
"парапсидальными бороздами расположены продольные , прерывистые морщинки .",0
"Панцирь состоит 4 типов чешуек ( рис . 4 , 5 ) .",0
"Сбоку хелицеры треугольной формы расширенным основанием , выступающим вперед пределы головогруди ( рис . 1 ) .",0
0 - 1.05 длины 5 -гс членика .,0
"основании стебель несет светлые бледно - зеленые слабо охристо - окрашенные чешуевидные листья , верхний которых трехгранной внизу плоской вверху узкой пластинкой 10 - 12 см дл .",0
1 Х0.2.,0
"Таким образом, коммуникация предстает не как данность, а как заданность.",1
735(5 ) .,0
"объекту и способствующий сохранению существования этого объекта или той системы, в которую он входит в качестве элемента.",1
", многоглавым корнем .",0
Модусы как принадлежность отдельных высказываний и показатели метатекста как особые текстовые «нити»  сплетаются в авторский узор;,1
"Членики лапок двуцветные , пятые членики всех ног полностью черные .",0
Глазковый бугорок сильно выступающий .,0
Нижняя губа продольная серо- желтая тонкой белой полоской вершине .,0
", крупнозубчатыми .",0
"средне- , заднегруди , 2 - 5-м брюшных тергитах имеются мелкие полусферические краевые бугорки .",0
"те другие очень тонкие , обычно 5 - 10 мкм , редко 30 мкм толщиной , поперечнике достигают 0.2 мм , крайне редко 1 мм .",0
"17 ) 0.19 - 0.24 длины тела , 1.8 - 2.3 раза длиннее хвостика .",0
"Это (навыки XXI века) понятие описывает набор навыков, который обеспечивает согласованность действий и интеграцию различных сфер для достижения успеха в современном мире.",1
"где - ширина спектра,  средняя частота излучения.",1
Гонококситы основании двумя группами плотно стоящих щетинок .,0
7 см диам.,0
"Соцветие многоцветковое , рыхлое , щитковидное ; цветоножки гипантии курчавым опушением , уменьшающимся мере созревания плодов ; чашелистики яйцевидно - треугольные широкотреугольные , плодах приподнятые прямостоячие ; тычинок 18 - 20 ; стилодиев 3 - 5 , свободных ; плоды шаровидные , небольшие ( 0.",0
"Глазной мостик узкий , 2-рядный ( рис . 2 ) .",0
"Они собраны ажурные агрегаты неправильной , реже сферической ( рис. 1 , ) формы .",0
(цитата);,1
В рамках этой аксиоматики жизнь можно определить как целесообразное самодвижение или самопокой.,1
Гомологичными являются и одинаковые хромосомы разных организмов одного биологического вида.,1
Чашечка косым зевом 4.5 мм дл.,0
Сама природа была богодарованной природой.,1
"виде механической примеси минерале часто присутствует тонкодисперсный гематит , образующий буроватые сгущения , иногда зональные контуру зерен .",0
"Коготки короче шпор , шире сильно изогнуты , расставленные .",0
"5 - 4 раза превышающей ширину ) , обеих сторон густо полуприжато опушенные .",0
"Черешки листьев длинные , 3.5 - 8 см дл.",0
"Контекст - не что иное, как наше окружение;",1
(цитата);,1
Кустарник 1.5 метров высотой .,0
Длина 2.08 мм .,0
"6 раза длиннее 4-го , равен 0.8 - 1.0 длины 6-го членика , 1.0 - 1.",0
"Передняя часть тела дорсальной стороны более выпуклая , разрезе почти треугольной формы , хвостовой части тело уплощается ( рис . 1 ) .",0
Пределы второго интегрирования по переменной t2 при фиксированных s1 и s2 определяются как корни первого множителя в выражении для B;,1
"Грудь всем протяжении черная , плечевые бугорки коричневые .",0
3 ) мм шир.,0
"И в самом деле, если «внешняя речь есть превращение мысли в слова»  Именно этот процесс пере-рождения мысли и должен быть назван вербальным мышлением.",1
"феномен значительной избыточности генома эукариот в отношении некодирующих последовательностей нуклеотидов известен в генетике под названием """"парадокса С».",1
Структурность и целенаправленность - вот две важнейшие характеристики всякой специфически человеческой деятельности.,1
"Ость гладкая 1 - 2 , несколькими короткими шипиками .",0
"Это наука об активном отношении общественного человека к миру во всех формах этого отношения - как непосредственно производительной, так и теоретической, и во всех формах детерминации этого отношения.",1
"Лапки однокоготкопые , все коготки гладкие .",0
", продолговато - ланцетные , 2 мм шир.",0
"Под дискурсивной деятельностью нами понимается разновидность речевой деятельности, направленной на осознанное и целенаправленное порождение целостных речевых произведения.",1
"Показатели преломления , измеренные иммерсионных жидкостях ( X = 589 нм ) : Np = 1.626(5 ) , Nm = 1.714(3 ) , Ng= 1.",0
"Спереди тело закруглено сужено , сзади округлено .",0
"вполне зрелые семянки желтовато - бурые , расширенная часть их 3 - 3.5 мм дл.",0
"Цветоножки сколько неравные , плодах слегка утолщенные , 5 - 7 мм дл .",0
"Форма пор разнообразна счет инкрустации породой ( обр. 260 , табл .",0
"Следовательно, психику необходимо понимать, во- первых, как отражение субъектов самого себя и внешнего мира, а во-вторых, как процесс интеграции этих отражений в системе единого образа, вызревающего в процессе поведения (деятельности) субъекта и необходимого для его регулирования.",1
"Равным образом, столовая - это комната, где принимают пищу, или учреждение общественного питания;",1
"Наконец, прионизация белков – пример наследственной изменчивости у низших эукариот, но в то же время – пример модификаций у млекопитающих.",1
"""система с результатом  - это «специальный случай» системы.",1
"Интроны – участки Д. НК, копии которых удаляются из первичного транскрипта и отсут­ ствуют в зрелой Р. НК.",1
"Модус – в отвлечении от того, каких методико- терминологических принципов придерживаются авторы, – к настоящему моменту признан образующим текст как знаковую систему, регулярно и облигаторно выражающую коммуникативно- прагматические смыслы, как на оси «автор-читатель», так и на оси «автор-текст».",1
"Биологической формой изоляции является, например, сдвиг гнездового периода во времени.",1
"Каудальные железы имеются , плохо заметны .",0
Волокнистые трахеиды средней толщиной стенок 3.2 - 3.,0
"Купол почти округлый , коротким пиком , одна сторона его поверхности ретикулом угловатых ячей ; каждая ячея окаймляет одну крупную пору .",0
"Это - учение об одной из сторон одного из видов или аспектов деятельности - именно речевой деятельности""",1
( Длина тела самцов 8.9 - 9.,0
Земная жизнь - это «суета сует».,1
Плотность 1.91(2 ) г /см3 ( определена гидростатическим методом водном растворе Клернчн п = 1.,0
"Естественны поэтому и такие подходы к определению общения, когда последнее характеризуется как """"процесс проявления личностного отношения».",1
"Почки мономорфные , 4.5 - 9 мм длиной , яйцевидные округло - яйцевидные , слегка уплощенным отогнутым носиком , стороны побега немного уплощенные , бокам килеватые , темно - красновато - коричневые , шерстисто - опушенные почти голые .",0
"Листочки оберточки числе линейно - ланцетные , короче цветоножек отсутствуют .",0
"Семенник один , прямой .",0
"Интегумент ( рис. 1 , 1,2 ) .",0
Красч = 50 ° .,0
"Т.о.  , теоретическая биология – теоретическая телеология или просто телеология, как любая наука или учение, состоит из понятий (их дефиниций), законов состояния - покоя (сохранения) или движения (изменения), и основанных на понятиях и законах логических (качественных) и математических (количественных) теориях.",1
"Она определяется как «навыки, которые позволяют людям распознавать свои эмоции и управлять ими, успешно справляться с конфликтами, понимать и проявлять сочувствие к другим, устанавливать и поддерживать позитивные отношения, следовать этике, вносить конструктивный вклад в их референтные сообщества и устанавливать цели и достигать их»  (цитата).",1
"Таким образом, под текстом здесь предлагается понимать не фиксированную устную речь..",1
"Согласно , вынужденное комптоновское рассеяние электронов на стоячей волне интерпретируется как дифракция де-бройлевской волны электрона на периодической структуре с периодом - длина волны поля излучения), образованной плоскостями разных фаз (пучностей) стоячей волны.",1
"Все отпечатки сопровождались микротрещинами - « усиками » значительной хрупкости минерала , иногда плоскими асимметричными выколками .",0
"Чешуи яйцевидные узкояйцевидные , 3.5 X 1.7 мм .",0
Пыльники ресничками верхушке .,0
Длина головогруди 1.,0
Фр в каждом конкретном случае - это реализация некоторой способности в данном акте речи.,1
"заднего конца пищевода переднего отдела хвоста кутикула имеет узкие латеральные продольные гребни , составленные продолговатых склероций , расположенных лате - рально каждом кольце кутикулы .",0
"2 - 12.2 , ширина , соответственно , - 2.5 - 2.6 2.7 - 2.8 мм .",0
"""любое функциональное состояние является результатом включения мозга в конкретную деятельность, в ходе которой оно активно преобразуется, обусловливая успешность реализации этой деятельности.",1
Размер индивидуальных микрокристаллов 1 мкм поперечнике 100 - 200 мкм удлинению ( рис . 3 ) .,0
"Это особые смысловые отношения, их членами являются лишь целые высказывания, за которыми стоят и в которых выражают себя реальные или потенциальные речевые субъекты.",1
"I , 4 ) .",0
"Лобное вдавление четкое , небольшое , поперечных морщинках обе стороны продольного киля .",0
Створки выпуклые плоской центральной частью лицевой поверхности .,0
"Существование, жизнь – цель живой системы;",1
"клоакой , 1зентрал ной стороны кольца кутикулы расширены , чис.",0
", клювиков ( обр. 260 , табл .",0
Блеск сильный стеклянный .,0
"Растение многолетнее , поликарпическое , темно - зеленое , голое .",0
"Иными словами, психология есть на современном этапе теория деятельности.",1
9 ; расстояние задним глазком задним краем головы 1.2 - 1.3 OOD .,0
"Блеск минерала стеклянный , черта белая .",0
"Самые верхние стеблевые листья пластинкой , рассеченной нитевидные доли 1.5 см дл .",0
"Длина лежачих лучевых клеток радиальном срезе 2 - 2.5 раза превышает их высоту ( обр. 260 , табл .",0
"по: Гайсинович, 1988).",1
сгруктурном исследовании минерала обнаружено микродвойникование ( см.  ниже ) .,0
"преобладающей формой в живой коммуникации является спонтанная речь, представляющая собой симультанное разворачивание рече-мысли.",1
"Наука – система знаний, состоящая из научных понятий, законов и теорий.",1
"Лепестки белые , 1.",0
"Если из семемы вычесть понятийные С. Д, то в остатке окажется совокупность непонятийных С. Д. Эту совокупность мы именуем лексическим фоном.",1
"Генеративные побеги 2 см длиной , 2 - 6 мелкими листьями ; оси соцветий густо - волосисто - опушенные .",0
А переднего крыла целиком черная .,0
", 1984 ) было замечено , что ламмерит - Р встречается крайне редко .",0
"Головогрудь овальная , спереди тупо усеченная , гладкая , блестящая , серо- желтая темным головным отделом .",0
"Так, например, Н.Д. Арутюнова в «Лингвистическом энциклопедическом словаре» дает следующую дефиницию: «Дискурс (от франц.",1
"Тело 3.16 , усики 3.04 - 3.10 , том числе третий членик 0.84 - 0.85 , четвертый членик 0.55 - 0.56 .",0
Генитальная пластинка широкоовальная 2 - 4 волосками диске 11 - 15 заднему краю .,0
"Так, А.А. Леонтьев в одной из своих работ писал: """"Общение следует понимать не как интериндивидуальный, а как социальный феномен; как его субъект следует рассматривать не изолиро- ванного индивида, а социальную группу или общество в целом.",1
"Можно сказать так: всякое значение формы есть вместе с тем ее функция (в том смысле, что выражение этого значения представляет собой назначение данной формы), но не всякая особая функция той или иной формы есть особое значение""",1
"Ренетта мешковидная , длине 35 - 45 мкм , расположена 1зентрально уров ) переднего отдела средней кишки .",0
", 3 - 5 мм шир.",0
"З хорошо заметна второй пары кинетосом представляет собой С-образную структуру микротрубочек фибриллярной пластинки , соединенных тонкими фибриллами ( рис. 3.",0
Темно -коричневый .,0
Губы низкие .,0
"Лирифиссуры im расположены медиальнее отношению щетинкам е2 другие лир фиссуры ( га , ip.",0
"Блеск перламутровый гранях плоскостях спайности , изломе жирный .",0
Психика человека формируется как своего рода единство физиологических предпосылок и социальных средств.,1
"4 , 1 - 3 ) эктопарамерами , профиль похожими таковые Ph.",0
"«Труд,- писал Маркс,- есть прежде всего процесс, совершающийся между человеком и природой, процесс, в котором человек своей собственной деятельностью опосредствует, регулирует и контролирует обмен веществ между собой и природой» (цитата);",1
Для представления Γ2 такой базисной функцией является компонента Mz вектора суммарного магнитного момента S1z + S2z .,1
"Верхние тычинки слегка превышают длине верхнюю губу , нижные ей равны .",0
Трубочки составляют ( 0.,0
Лента л1 идет внутри левой складки бороздки ( рис. 3 В : 4.,0
Длина тела 1.74 мм.,0
Тело черное .,0
"Итак, текст - это продукт письменного варианта языка.",1
"Лексический фон - это те (взятые вместе) непонятийные С. Д, которые входят в семему, но не участвуют в опосредованной языком классифицирующей деятельности человека (эти С. Д выполняют другие немаловажные функции, о чем будет сказано ниже).",1
"discours – речь) – связный текст в его совокупности с экстралингвистическими – прагматическими, социокультурными, психолингвистическими и др.",1
"Прекубитальное поле переднего крыла простое , 1 - 2 поперечными жилками .",0
Психология соответственно выступает как учение об этом процессе со стороны содержания деятельности в отношении к ее субъектам.,1
"Боковые грани пластинок проиндицировать удалось , предположительно это { 100 } /и { 110 } .",0
"сумму структурных отношений, нашедших лингвистическое выражение» (из цитаты);",1
1 мм меньше ) ярком освещении .,0
"Хрупкий , твердость 2.5 - 3 ( Моосу ) , спайность слабая ( 010 ) .",0
Длина члеников мак- силлярного щупика ( мкм ) 30 : 40 : 84 : 84 : 108 .,0
Рострум широко закруглен .,0
"«скромный информатор» – автор объективированной информации без выражения каких либо позиций по отношению к ней; репортёр – участник событий, повествующий о них – достигающий эффекта присутствия, иногда за счет не только вербальных, но и визуальных средств («фото автора»); аналитик – автор, рассуждающий о значимости тех или иных событий и их последствий; выносящий обоснованные, аргументированные оценки.",1
одуванчик (мотивирующая С. Д производна от дуть) называется еще пухлянкой (мотивирующая С. Д производна от пухлый);,1
Лента л2 проходит близко ленты л.,0
11 - 12 мм шир.,0
проходящем свете зерна прозрачны .,0
Твердость 5 шкале Мооса .,0
"Кутикула кольчатая , орнаментирована .",0
"Панцири треугольные , четырехугольные , редко овальные .",0
"Реальной единицей такого общения является, по его мнению, высказывание, принципиально отличное от предложения как единицы языка.",1
"Чашечка трубчато - колокольчатая , 8 - 9 мм длиной , 15 заметными жилками , опушенная более длинными нежелезистыми более короткими железистыми волосками , почти двугубая , тремя слегка сросшимися верхними свободными нижними треугольно - ланцетными зубцами 3 - 4 мм длиной , верхушке заостренными , остистыми .",0
"Пронотум темно - бурый , пятен , передние утл осветлены .",0
"Ключевой характеристикой шума является спектральная плотность W(f), характеризующая распределение мощности случайного сигнала по частотному спектру f .",1
"Передний глазок удален поперечного киля расстояние , равное двум продольным диаметрам глазка .",0
"Основной механизм, объединяющий людей в массу независимо от характера совместной деятельности, - психологическое заражение.",1
"Экзоны – участки Д. НК, копии которых со- ставляют зрелую Р. НК.",1
Жужжальца черные .,0
605(2 ) .,0
"Анальная лопасть развита , округлая .",0
Сплайсинг – процесс вырезания из пре­Р. НК копий интронов и сшивание копий экзонов.,1
Понятие «социально-эмоциональная компетентность» чаще всего встречается в контексте образовательного процесса.,1
Чаще всего К. Ф представляет собой сочетание 2-4 словоформ.,1
"Другая трактовка состоит в том, что сознание объявляется внутренним знанием или убеждением, которое выражается прежде всего в понимании и оценке своих собственных состояний.",1
"Корневище короткое , стебли плотно скучены .",0
"Под этим параметром имеется в виду относительное текстовое пространство, отведенное под авторское начало""",1
Х2.5 мм ( рис . 1 ) .,0
Вариации .,0
"Внешние губные щетинки губные щетинки объединены один круп Хейлостома узкая , укреплена склеротизированными ребрами часто выступает ротового отверстия .",0
"каждая конкретная Фр в данном высказывании представляет собой вариант, восходящий к определенному комплексу Фп и к определенному типу функционирования языковых единиц.",1
"Прилистники 1.5 - 12 мм длиной , полусердцевидные , краю железистопильчатые , голые опушенные .",0
"базисной функцией является Lz -компонента вектора антиферромагнетизма, равная разности проекции спинов атомов 1 и 2 на ось z.",1
"Длина передних крыльев 2.5 раза больше их ширины , Стигмальная жилка 4.3 раза больше маргинальной 1.4 раза меньше постмаргинальной жилки .",0
"Примером наблюдений, в которых возможно их обнаружить, является сильное гравитационное линзирование; r0 - радиус фотонной орбиты; где θi - угол наклона оси вращения Ч. Д к лучу зрения.",1
"Текст как целое обладает собственной предикативностью, отличной от предикативности входящих в него компонентов.",1
Сохранение образа сокращенной части действия является условием его сознательности.,1
"Флагеллум антенн 7 члениками , членики поперечные , последний членик значительно меньших размеров , почти округлый ( рис . 1 , 2 ) .",0
"Твердость Моосу В1 / » , микротвердость , измеренная П. МТ - 3 нагрузке 150 г ( тарированном NaCl ) , 1725 кг/мм2 ( среднее 12 замерам , разбросе 1681 - 1771 кг/ мм2 ) .",0
"фибрилл кинетосом отходят многочисленные субмембранные микротрубочки , которые образуют ленты , них микротрубочки прижаты друг другу как лентах бороздки ( рис. 35 , 3.",0
"Цвет мариинскита очень темный , насыщенно - зеленый , хорошо видимый мелких зернах ( 0.",0
"где концентрация мономеров в растворе, а ceq - концентрация мономеров в растворе при равновесном сосуществовании обеих фаз.",1
"Рылец 2 , редко 3 .",0
Киль усиковым бугорком глазом хорошо развит .,0
"Таким образом, в рабочем порядке можно определить общение как систему целенаправленных и мотивирован­ных процессов, обеспечивающих взаимодействие людей в коллективной деятельности, реализующих обществен­ные и личностные, психологические отношения и исполь­зующих специфические средства, прежде всего язык.""",1
malawi : поперечное жилкование надкрылий почти развито ; остальные части тела ( гениталий ) также похожи таковые Ph.,0
malawi ; имеются также мелкие вариации числе жилок их ветвей дорсальном поле надкрылий .,0
"Мандибулы желтоватые , их зубны красноватым оттенком .",0
"При этом представители, например, психоаналитического направления толкуют сознательное как результат превращения бессознательного в процедурах психотерапии (когда «анализанд» приходит к такому же пониманию своего состояния, которое раскрывается «аналистом»).",1
Самец ( 3.,0
Одна из текстообразующих ролей модуса – это также создание автором сложных модусных структур.,1
"gran - dis , наиболее выдающийся сзади выступ эктопарамеров расположен выше ( верхней половине эктопарамеро ) , срединная выемка задней части эпифаллуса почти трапециевидная ( угловидная округлая ) .",0
Вычисленная плотность 2.792 г/см3 .,0
"электромагнитных сепараторах минерал отделяется магнитную фракцию средне - сильном токе , простыми магнитами притягивается .",0
Конечные сегменты почти основания пальчато рассечены .,0
совершенной спайности минерала величину пр измерить удалось .,0
"Содержанием жизни являются деятельность, труд, потребность в которых также становится одной из ведущих.",1
"Пыльники овальные , 0.7 мм длиной , желтые .",0
"Л. Долежел среди основных параметров текста называет мотив (motif) - главное содержание, которое проходит в разных формах через весь текст (произведение).",1
"вдавлением морщинки расположены дугообразно , образуя круг .",0
"Мсндигит встречен виде несовершенных длиннопризматических , как правило , уплощенных кристаллов размерами 0.",0
"поперечном срезе плоды округло - пятиугольные , экзокарп мелких клеток , мезокарп паренхимных клеток .",0
", зев узкий , 1 мм диам .",0
"В более широком аспекте смысл - это ценность и одновременно переживание этой ценности человеком в процессе ее выработки, присвоения или осуществления.",1
Явления наследования и размножения - одна из сторон жизнедеятельности; предок и потомок - не взаимосвязанные объекты;,1
"«клавитурщик» – технический создатель текста, никак не выражающий своей позиции по обсуждаемым проблемам;",1
"Объект (предмет, продукт) деятельности, имея предметное, внешнее бытие, в то же время выступает как идеальное образование, как пси­хический образ, и таким путем детерминирует психическую деятельность.",1
"В первом приближении можно предположить, что изменчивость, наблюдаемая на данном уровне организации (материи), есть результат комбинаторики элементов разнообразия предшествующего, более низкого (предыдущего) уровня организации.",1
"Плоды голые , яйцевидные , слегка сжатые боков , карпофор двураздельный , комиссура узкая .",0
"Лепестки белые , 1.3 - 1.5 мм дл.",0
Это основном редкие индивиды осколочного облика бутылочно - зеленого цвета .,0
Третий членик усика ( флагелломер 1 ) 1.,0
"Плотность , измеренная пикнометрически - 2.01( 1 ) г/см3 , вычисленная эмпирической формуле - 2.001 г/см3 .",0
", основании железистые .",0
", 2 - 3 ( 3.",0
"2 мм длиной , яйцевидные , цельные частью двулопастные .",0
"Д , 3.",0
"Плотность , измеренная методом уравновешивания тяжелых жидкостях , составляет 2.88 (3 ) , вычисленная структурных данных - 2.94 г/см3 .",0
"Дискурсивная деятельность и, шире, дискурсивное поведение есть способ самовыражения языковой личности;",1
темя щеки сливающейся пунктировкой .,0
Формулы щетинок солен иев представлены табл .,0
"Эти черви - гиганты сравнению другими видами рода Р. Иаепосош , Р.  polycirra , который также имеет большие размеры .",0
"Шпоры рыжие , почти прямые , короткие , всех ногах короче первого членика лапки .",0
Первое важное свойство авторского начала – это выявленность автора и его роли.,1
"За ними стоит общественная практика, откристаллизованная в значениях.",1
"Дорсальные волоски 3 - 5-м тергитах слабо головчатые ( 0.022 - 0.028 ) , 0.7 - 0.8 базального диаметра 3-го членика усиков .",0
"Примем, что изменчивость есть свойство любой исследуемой совокупности однородных сущностей (в частности биологических объектов), описывающее их разнообразие как объективное явление.",1
", нижние цветки поникающие .",0
Единичный акт деятельности есть единство всех трех сторон.,1
"9- 2.0 раза превышает его ширину ( рис . 2 , 4 ) .",0
"Многолетнее растение 30 см высотой , тонким 2 5 мм диаметре длинным стержневым корнем .",0
2.  мкм шириной .,0
И эту ситуацию хочется назвать имитацией авторства.,1
"В физике сплошных сред пондеромоторные силы понимаются как усредненные по времени си­лы, действующие на элемент среды и обусловленные либо неоднородностью поля, либо неоднородностью среды как таковой .",1
"Цвет образцах зернах бинокуляром ярко-зеленый изумрудно - зеленого , порошок бледно - зеленый .",0
"Характерен интенсивный плеохроизм изумрудно - зеленого ( Ng ) , желто - зеленого ( Nm ) , зеленовато - желтого ( Np ) .",0
"Тело светло - зеленое , сочленения усиков светло - коричневые , глаза красные .",0
Спайность отдельность выражены .,0
"Такая потребность называется потребностью в самовыражении, в самореализации, в проявлении своего «я», о чем мы еще будем говорить.",1
"""Вьюрки - очень плохие летуны;",1
"морфологическая модульность может рассматриваться также как аспект модульности развития (Eble, 2005).",1
"Это и не связи отдельных его """"единиц"""", а внутреннее движение его образующих, включенное в общее движение деятельности, осуществляющей реальную жизнь индивида в обществе.",1
"Следует также отметить, что прионизация белков и шире – образование амилоидных агрегатов вовсе не обязательно представляет собой патологический процесс.",1
"Медиальные генитальные щетинки ( 6 пар ) короткие ( 57 - 65 ) , гладкие ; латеральные щетинки длиннее ( 98 - 114 ) толще , опушенные ( пары гладких не-латеральных ) .",0
"Другой - это любой объект, образ которого проявляется в наших действиях и, соответственно, в формировании нашего «собственного» образа, т.е.  нашей самоидентичности.",1
Крылья .,0
Два сравнительно крупнг рулька форме изогнутых “ лодочек ” .,0
Двугубые выросты расположены глазками .,0
"Глаза густом темном опушении , сближены значительном протяжении .",0
"А З. А коротко двуветвистые , обе соединены предыдущими короткими жилками .",0
кутикуле задней части хвоста грубая кольчатость латеральных гребней .,0
"Колоски одиночные , коротких ножках ( веточках могут быть сдвоены ) , удлиненно - яйцевидные , 1 - 2.7 см дл .",0
"В англо-американской традиции  навык (skill) – это сложно организованный поведенческий паттерн, приобретаемый в результате тренировки и практики.",1
", продолговатые , спинке выпуклые , ребра вальковатые , четко выступающие , комиссура средняя .",0
"Тело : самец 20 - 23 , самка 19 - 21 ; переднеспинка : самец 4.8 - 5.5 , самка 4.2 - 4.8 ; надкрылья , самец 18.5 - 19 ; передние бедра : самец 17 - 18 , самка 13 - 14.5 ; задние бедра : самец 25 - 27 , самка 24 - 25.5 ; яйцеклад 18 - 19 .",0
"Ими создается то, что называют генетическим единством органического мира во времени.",1
"Дорзальное субмаргиналыюе ребро хорошо развито пересекается штрихами , штрихами нижнем вентральном углу чешуйки располагаются поры .",0
Это есть три (как минимум) сложные модусные перспективы в тексте; сложные модусные перспективы – это не сам модус.,1
", заглубленный .",0
"Таким представлением и является «деятельностное» представление глобальной речи, трактовка ее как определенного вида деятельности, а именно как речевой деятельности.",1
заднем крыле 2.,0
"Комплекс Фп, возможных для той или иной языковой единицы и определяющих ее поведение в речи, образует потенциал функционирования языковой единицы.",1
"где C(φ) - оператор поворота вокруг некоторой оси, 1 - пространственная инверсия.",1
Критерием развития личности служит наличие или отсутствие смысла жизни.,1
Плодоношение - конец VIII - IX .,0
"психика есть функция, свойство человека как материального, телесного существа, обладающего определенной физической организацией, мозгом.",1
Индивидуальное и социальное в сознании человека говорящего – характеристики диалектически взаимосвязанные.,1
", клиновидным широко - клиновидным основанием , 3 -5-лопастные ( 1/3 - 1/2 половины пластинки ) ; лопасти их широкие , тупые , немногими крупными зубцами , нижние выемки расположены примерно уровне середины нижней трети пластинки .",0
"0 - 2.5 мкм , что равно 22 - 26 % диаметра области губ .",0
"Максиллы серо- желтые , продольные , шагренированы как хелицеры , беловатой вершиной .",0
Воспроизведение – дискретный процесс деления жи- вой системы на несколько частей;,1
Сознание существует только в обществе и в этом плане выступает как системное качество.,1
Современный радикальный бихевиоризм трактует сознание как «оперантное обусловливание вербального поведения».,1
Само расширение выглядит как добавление в метрическую функцию следующего члена разложения по 1/r.,1
", ребристые , короткошероховатые почти голые , немного утолщенные .",0
Зубцы чашечки отсутствуют .,0
Темя поперечным килем .,0
"Крылья обратноланцетные , продолговато - обратнояйцевидные , верхушке округлые , 9 - 13 , 2.5 - 4 мм длиной .",0
", преобладают двурядные лучи .",0
"Дискурс – объективно существующее вербально-знаковое построение, которое сопровождает процесс социально-значимого взаимодействия людей.",1
", 2 - 2.5 мм шир.",0
Размеры .,0
"Сред неси инка парапсидальными бороздами , достигающими Уг ее длины , грубоячеистой скульптурой .",0
"Коммуникацию как (само) раскрытие понимания, можно рассматривать как процесс своеобразной навигации.",1
"Многочисленные , регулярно расположенные поперечные штрихи отходят билатерально передних субмаргинальных ребер .",0
«память есть вечное онтологическое начало».,1
"Древесина ( вторичная ксилема ) рассмотрена небольших фрагментах поперечной , тангентальной радиальной ориентации .",0
Вычисленная плотность владимиривановита Тултуйского месторождения - 2.436 г/см3 .,0
"Чешуйки тела клетки 1.8 - 2.3 мкм длиной , 1.",0
"Листочки нижних листьев продолговато - овальные , островатые , ярко-зеленые ; листочки средних листьев ланцетные , островатые , сизоватые более менее густого опушения ; листочки верхних листьев ланцетно - линейные , длинно заостренные , конце немного мозолистые .",0
"Это индивидуальные характеристики, которые позволяют человеку эффективно и гармонично взаимодействовать с другими в рамках своей профессиональной деятельности.",1
"Задние чешуйки асимметричные , очень коротким шипом .",0
"Функция в результативном аспекте (Фр) - результат функционирования данной единицы во взаимодействии с ее средой, т.е.  назначение как достигнутая в речи цель.",1
Соматические щетинки обнаружены .,0
Загиб пологий .,0
(цитата);,1
Экзокарп мелких клеток .,0
"Щупики черные , их 1-й членик 3 щетинками слабым сенсорным полем , 2-й короткий , 3-й - узкий длинный ( рис . 2 , 6 ) .",0
фон есть чисто К. ЭД-процесс γe− → e+e−e− и может быть вычислен с требуемой точностью.,1
Шпиц 3.6 - 4.6 раза длиннее основания 6-го членика .,0
"Последней особенностью психического отражения, на которую мы считаем важным обратить внимание, является то, что, осуществляя интеграцию и ориентацию субъекта во внешнем мире для освоения последнего, в качестве своего обязательного звена психика предполагает также освоение и учет внутреннего мира субъекта – объективной реальности его организма и тела.",1
"Сложные модусные перспективы – это те логические, эмоциональные и выразительные линии, по которым из отдельного высказывания распространяются определенные модусные смыслы на определенные дистанции текста; это то, как меняются высказанные особенности предмета речи в тексте;",1
"дарвинизм – теория происхождения видов естественным отбором, теория прогрессивного развития живой природы;",1
"тип потенциального соотношения ́система - среда выступает как настоящее актуальное (Фп, требующая связи презентной формы с актуальной ситуацией), другой - как настоящее историческое (Фп, программирующая функционирование данной формы в той среде, которая представлена повествовательным контекстом и ситуацией повествования).",1
Твердость шкале Мооса 2 уг .,0
"Она - в том варианте, который представлен, в частности, психологической концепцией школы Л. С. Выгодского,- ни в коей мере не есть только наука о психофизиологических процессах, происходящих в индивиде, и даже не наука об отражении в индивиде развития и функционирования общества.",1
В современной психологии мышление «рассматривается как знаковый дериват внешней предметной деятельности» .,1
"""понятие генома в отличие от генотипа является генетической характеристикой вида в целом, а не отдельной особи.",1
образующими нотогастре тонкие прерывистые поперечные полосы .,0
"Листья 20 - 30 см длиной , длинночерешковые , черешками 12 - 18 см длиной ( треть превышающими рахис ) , листочки числе 4 - 5( 6 ) пар , эллиптические , 20 - 35 мм длиной , 6 - 15 мм шириной ( длиной , 2.",0
"3 длины шпица , 3 - 12 , норме 4 - 8 , вторичными ринариями базальной части ( рис. 1 б ) .",0
возникает...,1
клипеусе 9 щетинок .,0
"Ферроиндиалит хрупкий , раковистым изломом .",0
"Имаго , самец .",0
"«Генетика есть физиология наследственности и изменчивости» (Бэтсон, 1906.",1
"Секреторные канальцы септированные , одному крупному ложбинке два комиссуральной стороне .",0
"В психологии смыслом (не только жизни, но и любого действия, поступка, события и т.д.) принято называть внутренне мотивированное, индивидуальное значение для субъекта того или иного действия, поступка, события.",1
Жизнь по природе своей диалогична.,1
"""основной единицей языка в его употреблении является не слово, не предложение, а текст» (из цитаты); также понимание термина «абзац» как семантико-синтаксической единицыуже осознано как лингвистический факт.",1
Излом раковистый .,0
"Стебель тупотрехгранный внизу остротехгранный средней верхней части , верхушке переходит трехгранный прицветный лист , который немного длиннее , равен короче соцветия .",0
"Мандибула 3 -зубчатая , большим нижним зубцом , ее высота основания ( см.  сбоку ) 2 раза больше наименьшего расстояния выемкой верхним мандибулярным килем .",0
"Это и короткая (однословная) реплика бытового разговора, и большой роман или научный трактат.",1
"В общем и целом всякое высказывание, по мнению Бахтина, - это живое триединство, включающее в себя отношения, во-первых, к самому говорящему (автору); во-вторых, к другим участникам речевого общения и к их высказываниям; в- третьих, к предмету, о котором спорят.",1
ЫЧ = 55 ° .,0
"Оптически одноосный , положительный .",0
"предложение есть относительно законченная мысль, непосредственно соотнесенная с другими мыслями того же говорящего;",1
"Длина нерок 2.9 - 3.2 мм , отношение их длины длине тела самцов 0.32 - 0.36 , самок 0.27 - 0.31 .",0
"708( 5 ) , Nm = 1.730( 5 ) , Ng = 1.",0
2 1.5 мм дл.,0
"Цветки желтые , пыльцой .",0
Излом ступенчатый .,0
"По его мнению, «язык, слово - это почти всё в человеческой жизни» (из цитаты);",1
"в исходном и наиболее точном смысле слова диалогом является живое общение между людьми, в процессе которого его участники духовно обогащают друг друга, выражают, преобразуют, развивают свои мысли и чувства, вы- рабатывают общую позицию или, наоборот, остаются при своих взглядах (теперь уже уточненных) и т.  д. В отличие от нее лишь вышеуказанный живой диалог реальных субъектов (современников) представляет собой исходную и наиболее яркую форму непосредственного общения (лицом к лицу) - беседы, дискуссии и т.  д. Все эти и многие другие типы диалогических отношений представляют собой весьма разнообразные проявления социальности человека, его деятельности, психики и т.  д. Суть своей теории Бахтин выражает следующим образом: «Единственно адекватной формой словесного выражения подлинной человеческой жизни является незавершимый диалог.",1
"Как уже отмечалось, идеальное является не индивидуально- психологическим, а общественно-историческим фактом.",1
ультрафиолетовых катодных лучах минерал люминесцирует .,0
Спайность совершенная ( 110 ) .,0
"Урамарсит образует несовершенные пластинчатые кристаллиты 2 мм пленочные образования , реже встречается форме уплощенных квадратных кристаллов размеров 0.",0
"Черта белая , блеск стеклянный .",0
Сам принцип детерминизма может быть рассмотрен как форма редукции неопределенности.,1
Нерастворим Н. С1 HN03 .,0
"II , 2 ) .",0
каждое подобное движение - это коммуникативное событие;,1
"центре створки ареолы расположены безпорядочно , периферии образуют короткие радиальные ряды .",0
1 - 1.,0
Глазное поле поперечное ( трапециевидным срединным полем ) .,0
Растение 60 - 80 см выс .,0
"Есть лишь система речевых действий, входящих в какую-то деятельность - целиком теоретическую, интеллектуальную или частично практическую.",1
"""темный фотон (Т. Ф) A′ - массивный векторный бозон, который может смешиваться с обычным фотоном посредством «кинетического смешивания».",1
"Счастье - это скорее состояние, дление.",1
", 3 - 4 ( 5 ) - лучевые ; лучи 2 - 4 см дл.",0
"Эзофастома бокаловилная , вооружена более крупным дорсальным зубом двумя мелкими , едва заметными субвентральными зубами .",0
"Семена гладкие , светло - коричневые .",0
"Листья сверху темно - зеленые , рассеянноопушенные , снизу более светлые , курчавым опушением , черешками 1.5 - 2 раза более короткими , чем пластинки ; листовые пластинки цветущих побегов широкояйцевидные широкоэллиптические , 3 - 6 см дл.",0
"субъект выступает лишь как некая абстрактная, психологически """"не наполненная"""" целостность.",1
5 - 10 мм шир.,0
"Крыло ( рис. 2 , 5 ) макротрихиями всех жилках : c макротрихиями , X безмакротрихий .",0
"Темно -коричневая , переднеспинка латерально 2 щетинками .",0
"Строение тела следующими особенностями : надкрылья ( рис. 1,5 ) более длинные , чем предыдущих видов , существенно заходят вершины анальной генитальной пластинок ( длина надкрылий приблизительно 2.",0
"4 мкм длиной , 1.",0
"Мендигит оптически двуосный отрицательный , пт= 1.782(5 ) , ng = = 1.796(5 ) ;",0
"""Известно , что какая-либо фигура или группа точек называется киральной, т.е.  обладающей киральностью, если ее изображение в идеальном плоском зеркале не может быть с ней совмещено.",1
Такие модификации системы называются энантиоморфными.,1
"Таким образом, текст представляет собойсообщение, в котором снимается энтропия, порождаемая отдельным предложением.",1
"Метатарзус задних лапок сужен основании , его ширина среднем отделе составляет более 1/ 2 ширины голени вершины , длина менее длины двух прилежащих члеников лапок .",0
3 раза короче заднего бедра ) .,0
"Радикула , базальная часть основного членика , 3 - 5-й членики усиков желтые ; апикальная часть основного членика , 2-й членик усиков булава коричневые .",0
"Ноги ( рис. 3 , 1 - 4 ) .",0
"Конечные доли сегментов линейно - ланцетные , 3 - 5 мм дл.",0
"С одной стороны, смысл жизни выражает притязания личности, ее стремления, потребности, с другой (и это очень важно) - является подтверждением ее реальных достижений, реальной способности выразить себя в формах жизни.",1
"2. А простая , редко разветвленная , З. А имеет 3 - 4 ветви .",0
"Плоды широко - обратиояйцевидные , плосковынуклые двояковыпуклые , редко слабо - трехгранные , 1.7 - 2.0 мм дл.",0
"Эволюционный модуль может быть определен на языке отображений генотип–фенотип (genotype–phenotype mapping) как набор фенотипических признаков, высокоинтегрированных фенотипическими эффектами определяющих их генов и относительно изолированных от других подобных множеств признаков за счет незначительности плейотропных эффектов (Wagner, Altenberg, 1996).""",1
"По его мнению, текст как система знаков, подлежащая пониманию, есть первичная данность (реальность) и исходная точка всякой гуманитарной дисциплины.",1
комнатной повышенной температурах медленно разлагается желатинирует 50% -ных Н. С1 HN03 .,0
"Дисперсия оптических осей заметная , г > v.",0
"Ее длина , измеренная посредине , 2.7 раза меньше ширины .",0
", выполненные , верхней части тонко ребристые , основания почти щитковидно ветвящиеся слегка дуговидно отогнутыми ветвями .",0
"«Индивид как собственник содержаний своего сознания, как автор своих мыслей, как ответственная за свои мысли и желания личность, такой индивид является чистым социально- идеологическим явлением» .",1
"где g - элемент симметрии пространственной группы, заданный в представлении Вигнера – Зейтца, rj , ri - радиус-векторы иона с номером j в нулевой примитивной ячейке до преобразования, а с номером i - в той же ячейке после преобразования, ap - возвращающая трансляция.",1
Мутация – результат нетождественной репарации.,1
Длина задних крыльев 4.5 раза больше их ширины ; бахромка этих крыльев короткая .,0
4 мкм шириной .,0
", прямой слег извилистый .",0
Эндосперм плоский ( рис. 2 ) .,0
"В биологической литературе модули понимаются как подсистемы, характеризующиеся высокой степенью интеграции во внутренних связях и значительной автономностью в связях внешних (Schlosser, Wagner, 2004).",1
"Листья 4 - 6 см дл. ; рахис листа волосистый железистый немногочисленными изогнутыми шипиками ; прилистники хорошо развитые , длинными заостренными ушками 11 - 18 мм дл.",0
Ширина головы составляет 0.8 - 0.9 наибольшей ширины пронотума .,0
2. ЕИ.,0
"Таким образом, синтаксический признак - это теоретический конструкт, позволяющий записать синтаксическую информацию (в рассмотренных случаях - информацию об особенностях управления) в сокращенном и обобщенном виде.",1
под словом дискурс понимается целостное речевое произведение в многообразии его когнитивно-коммуникативных функций.,1
Г10011 .,0
"Каждый матричный элемент есть свертка соответствующего тока jμ с 4-вектором поляризации фотона Aμ""",1
", обратно - сердцевидные , слабо выемчатые , короткой загнутой вовнутрь верхушкой слабо заметным секреторным канальцем .",0
"Причина такого странного положения - собственное время сравниваемых популяций, т.е.  дления.",1
"""С квантовой точки зрения эффект Капицы-Дирака представляет собой индуци­рованное комптоновское рассеяние.",1
"Анальные щетинки ( 69 - 82 ) слабо утолщенные , опушенные .",0
"основания , ребристые , почти прямые слегка коленчато изогнутые , простые середины ветвистые , короткими междоузлиями .",0
"Глаза выпуклые , овальные .",0
"Отдельные кристаллы микроскопом иммерсии бесцветные , прозрачные .",0
"Продорсум , нотогастр аногенитальная область округлыми поровыми полями диаметром 20 .",0
"Прицветники лопатчатые , расширенным основанием , 1.5 мм дл.",0
Жить - значит участвовать в диалоге» (из цитаты);,1
"Ламмерит - Р наблюдается тесной ассоциации эвхлорином NaKCu30( S( ) 4) 3 , пийпитом K4Cu4 ( ) 2( S04) 4 • McCl , алюмоключсвскитом K3Cu3(Al , Fc) 02(S04) 4 , аларситом A1As04 ламмеритом Cu3(( As , Р) 04 ) 2 .",0
"boldyrevi ; яйцеклад короче , чем последнего вида ( 1.",0
Последний членик нижнегубных щупиков веретеновидно утолщен .,0
"Голова заметно шире груди ( 53 : 43 ) , значительно шире брюшка ( 53 : 40 ) , поперечная .",0
"3 раза больше максимальной ширины их дорсального поля ) , содержат дорсальном поле 7 - 8 продольных жилок , многие которых двуветвистые , некоторые - трехветвистые ( медиальной части дорсального поля их ветви несколько скошенные , остальной части - почти параллельные довольно густые ) ; боковое поле надкрылий похоже таковое Ph.",0
Но «слово»...,1
Проксимальный край чешуйки асимметричный .,0
"Гнатосома ( рис. 2,3 - 5 ) , Длина субкапитулюма больше , чем его ширина ( 295 - 319 х 254 - 270 ) .",0
"В последнее время все шире применяется технология так называемой автоматической навигации, которая осуществляется при помощи спутниковых средств связи - глобальных позиционных систем.",1
"2 мм длиной , абаксиальный цельный , более короткий .",0
Преобразование Фп → Фр представляет собой элемент преобразования потенциальных аспектов языковой системы в реальные процессы языковой деятельности и их результаты в речевых произведениях.,1
Листья 4 - 14 ( 18 ) см дл.,0
"Тенсиональность коммуникации говорит о том, что это - процесс «соперничества», т.е.  борьба и единство противоречий (субъекта и объекта, Самого и Другого).",1
"Естественно, что условия жизни - это, прежде всего, другие люди, поэтому потребность в понимании, в признании непосредственно связана с первой, составляет ее (более или менее) самостоятельную сторону.",1
"Важнейшей единицей такого рода, лежащей в основании мнемонического владения языком, мне представляется коммуникативный фрагмент.",1
"Си , изогнута .",0
"Стрелки довольно тонкие , голые .",0
"зарождение в организме жизни есть и начало смерти; это иное, нежели в раю, земное, время.",1
"Вычисленная средних значений пт , ng 2F , эта величина может быть оценена как 1.722 .",0
", концах закругленные , внезапно переходящие короткое остроконечие .",0
микроскопом он бесцветен .,0
"Конечно, изоляция как таковая тоже не является направляющим эволюционным фактором.",1
Венчик белый синевато - белый фиолетовым пятном верхушке лодочки .,0
Стернум сердцевидный желтый .,0
", немного неравные , слегка ребристые .",0
"Чешуйки воротника куполом асимметричные 2 - 2.5 мкм длиной , 1.",0
“сознание...,1
щитке 9 щетинок .,0
0 .  ширина 0.9 мм .,0
Задние глаза расставлены ( расстояние глазами больше диаметра глаз ) .,0
"Секреторные канальцы 1 - 4 ложбинках , комиссуральной стороне 5 - 6 ; реберные секреторные канальцы отсутствуют .",0
Альтернативный сплайсинг – образование нескольких разных зрелых Р. НК из одинаковых пре­Р. НК за счет исключения некоторых экзонов и/или оставления частей интронов.,1
Паук мелкий ; общая длина 2.,0
«Основная цель живой системы – существование – жизнь» (из цитаты).,1
"Лоб широким желобком , глубина которого составляет 0.20 - 0.22 расстояния вершинами усиковых бугров ( рис 1 а ) .",0
"Такое понимание мышления хорошо выражено Э. В. Ильенковым, подчеркивающим необходимость рассматривать «мышление как деятельность, созидающую науку и технику, то есть как реальный продуктивный процесс, выражающий себя не только в движении слов, а и в изменении вещей» (из цитаты).",1
"Двух - трехрядные лучи могут быть однорядных окончаний короткими , однорядными окончаниями 2 - 6 клеток , расположенных чаще одной стороны луча .",0
Листовые пластинки стерильных побегов более крупные широкие ( 6 см дл.,0
Костальная жилка заходит вершину R4 + 5 40 - 48 мкм .,0
"Желобок хелицер переднему краю длинными щетинками , покрытыми мельчайшими бугорками ( рис . 1 , 2 ) .",0
Определение «один ген – один фермент» также оказалось неточным; определение «один ген – одна полипептидная цепь» также устарело.,1
Главная габитусная форма кристаллов - пинакоид {001 { .,0
"К. Ф представляет собой единицу принципиально иного порядка; именно коммуникативные фрагменты, то есть целые готовые выражения, являются первичными, целостными, непосредственно узнаваемыми частицами языковой материи.",1
"Мутация – наследуемое изменение генетического материала, не сводимое к характеристикам генетического материала (генотипа) родителей.",1
"Отсюда вытекает, что в каждом случае преобразования Фп-Фр есть элемент развития (как известно, идея развития в толковании понятий возможности и действительности была вы- сказана уже Аристотелем).",1
"Законы телеологии - это требования, предъявляемые к в целом (к сумме) и к отдельным ее слагаемым.",1
"Одной из форм человеческого общения, получающей широкое распространение под влиянием научно-технической революции, является многоканальная и многократно опосредованная духовная коммуникация. .",1
"Общественные идеи, взгляды, настроения и т.  п. - это не нечто «витающее» над людьми, а формирующиеся в процессе развития общества идеи, взгляды, настроения конкретных людей, живущих и действующих в конкретных исторических условиях.""",1
"Биология – наука о живых (биологических) системах, изучает преимущественно характерные или специфические признаки, свойства живых систем, отличающие живые системы от неживых.",1
В какой-то мере коммуникация как диалог - это постоянная задача;,1
"Аданальные щетинки adx ( 164 - 168 ) заметно расширены срединной части , опушенные ; ad2 ( 114 - 131 ) , ad2 ( 98 - 110 ) adA ( 98 - 110 ) слабо расширенные менее опу шенные .",0
"Семя зрелом плоде отстает перикарда , брюшной стороне почти плоское .",0
"Стебли приподнимающиеся распростертые , нижней части слабо опушены короткими , простыми , прижатыми , белыми волосками , молодом возрасте очень часто примесью черных волосков ( рис . 1 ) .",0
"Минерал наблюдался виде отдельных зерен , размер которых варьировал 0.01 0.15 мм .",0
"""Первоначальное определение «один ген – один признак» оказалось слишком расплывчатым;",1
Черта белая .,0
"Трубочки прямые цилиндрические , слабо чешуйчатые , несколькими рядами мелкой ячеистости ободками ( рис. 1г ) .",0
"Цветоносы равны немного длиннее листьев , опушены белыми прижатыми мелкими волосками , очень часто примесью , иногда значительной , черных волосков .",0
"Лицо 7 щетинками , клипеус щетинок .",0
"скорее, здесь коммуникацию как диалектической процесс следует понимать так, как понимал диалектику Аристотель;",1
"Длина тела голотипа 1078 , ширина 713 , пяти паратипов - 1078 - 1261 х х 730 - 780 , среднем 1148 х 750 , соответственно .",0
"Столбик почти равными , назад изогнутыми рыльцами , короче верхней губы .",0
"Нередко линейные однорядные лучи имеют 1 - 2 двурядных участка ( обр. 262 , табл.",0
"Уникальность языковой личности конкретного индивидуума есть не что иное, как неповторимость комбинации социально- психологических характеристик ее речевого поведения.",1
"Однако общение, как это уже отмечалось нами ранее , достаточно многогранное явление.",1
что оно  (идеальное) является общественно-историческим продуктом;,1
"Усиковые бугры сравнительно высокие , расходящиеся , срединный лобный бугор слабо намечен .",0
Сравнительно мелкие тонкие черви .,0
boldyrevi ; окраска остальных частей тела примерно как Ph.,0
Основным условием научного мировоззрения стали объективность и независимость явления от наблюдателя;,1
"Это, во-первых, теории социальной деятельности, в которых последняя выступает в своем отношении к объекту и к реализуемым в ней общественным отношениям как категория философско-социологическая без каких-либо попыток перевода ее в план конкретно-психологической интерпретации.",1
Чаще всего используется калька с английского – «мягкие навыки».,1
Зонтики 3 - 8 см диам .,0
"Процесс теоретической, познавательной деятельности предполагает всегда единство трех моментов: это объект познавательной деятельности, т.е.  реальный мир (и человек как часть этого мира), субъект познавательной деятельности, являющийся носителем известных психофизиологических особенностей, обусловливающих специфически человеческие формы познания и, наконец, система общезначимых форм и способов внешнего выражения идеальных явлений, в частности система знаков языка.",1
"чешуйках воротника ретикулум занимает более половины поверхности щита состоит угловатых ячей , каждая ячея включает одну пору .",0
Речевые произведения представляют собой результат дискурсивной деятельности языковой личности.,1
заднем крыле начало / Ссектора сильно сдвигается поперечной жилке сторону М. Р - 1 .,0
"2 мм , чрезвычайно хрупких разрушающихся иглой .",0
"Шипы немного согнутые сжатые боков , овальным основанием отсутствуют .",0
2 мкм .,0
"Плотность ванадиопаргасита , измеренная уравновешиванием жидкости Клеричи постепенного разбавления , составила 3.05 ±0.05 г/см3 , рентгеновская плотность - 3.112 г/см3 .",0
Длина тела 3.15 мм .,0
Отношение длины тела длине крыла 1.51 .,0
"Ляджвардаринском месторождении минерал голубого сине-зеленого темно - синего цвета , часто окрашен неоднородно ; черта голубая синей , цвет порошка голубой - темно- синий , часто неоднородный .",0
"ЗМ = 40 - 45° , 2.",0
Вершины нерок одним апикальным шипом ( рис . 1 ) .,0
"Для бактерий возможно определение «ген – участок Д. НК, кодирующий первичную структуру одной полипептидной цепи или одной Н. К, или одной t.",1
Физические оптические свойства .,0
и что мы бы назвали сложными модусными перспективами.,1
(цитата);,1
Флаг 8 - 12 мм дл.,0
"Например, лексическое понятие слова аптека толкуется как «учреждение, в котором изготовляются и продаются лекарства» (Словарь Ожегова).",1
"Боковые глазки соприкасаются внутренними орбитами глаз , удалены поперечного киля расстояние , равное поперечному диаметру глазка .",0
Наше ощущение времени как независимой от Бога беспредельной протяженности; а центром Земли служит гроб Господень.,1
Случайность здесь понимается как беспричинность.,1
Стебли 15 - 40 см выс.,0
"Интенсиональность и экстенсиональность значения - это, по сути, две стороны данного процесса, свидетельствующие о его целостной и эластичной природе.",1
"Многолетнее бесстебельное растение ; стрелки 25 - 35 см высотой , малочисленные , умеренно отстояще - полуприжато - опушенные .",0
"Мотивировка наименования, тот признак, который делается представителем понятия для сознания,-это несомненная С. Д;",1
"6 - 1.7 раза длиннее своей ширины , 3.8 - 4.0 раза длиннее 2-го членика , длина 3-го членика составляет 0.7 длины 4-го членика ; длина последнего составляет 1.",0
"Так, А.А. Потебня (1976, с. 302), который термином «представление значения» называет то, что у нас именуется «мотивировкой»;",1
7 - 0.8 мм диам. ),0
", дважды - , триждынепарноперистые , листочки снизу негусто опушенные , сверху голые почти голые , краям коротко белореснитчатые , 5 - 13 -парные .",0
Грудь .,0
"Хрупкий , обладает совершенной спайностью {001 } менее совершенной {010 } , излом ступенчатый ; твердость шкале Мооса 2.",0
Эпимеральная формула 3 - 1 - 3 - 4 .,0
тесном срастании ним часто встречаются упомянутые выше вторичные минералы .,0
"Это не плоскость, даже не емкость, заполненная образами и процессами.",1
Арангасит обнаружен пустотах кварц - мусковит - турмалин - суль - фидных жил околожильных грейзенов .,0
malawi Ph.,0
"Окончание этого отростка служит источником плазменных «пуль», представляющих собой светящиеся следы распространения волн ионизации, скорость движения которых составляет примерно 200 км/с . Именно она называется апокампом.",1
"Диалог - это наше вовлечение, «ввержение» в коммуникацию;",1
"Термин focus служит для выделения маркированных элементов текста (слова, словосочетания, фразы, предложения).",1
"R 8 - 9 коротких щетинок , Rl щетинки отсутствуют , R4 + 5 2 - 4 щетинки .",0
Епифановит имеет бирюзово - голубой цвет бледно - голубую черту .,0
