0,1
Спайность не наблю дается.,0
"На наш взгляд, смысл жизни - это и способность субъекта переживать ценность жизненных проявлений своей индивидуальности, своего «я», своей личности.",1
"КФ является “членимой”, но “не расчленяемой” единицей;",1
Люминесценция в УФ-лучах зеленая (типичная для уранил-иона).,0
"Транзитные (переходные) чешуйки с редуцированным ретикулум, 1.2-1.4 мкм длиной, 1.1-1.2. мкм шириной.",0
Обычно каждая пара штрихов включает одну пору.,0
"""Функция в потенциальном аспекте (Фп) - это присущая той или иной единице в языковой системе способность к выполнению определенного назначения и к соответствующему функционированию.",1
"Голова светло- коричневая с несколькими размытыми серо-коричневыми пятнами на дорсальной части и по бокам рострума, темно-коричневой широкой срединной полосой от вершины рострума до середины наличника, скошенной вертикальной темно- коричневой полоской под каждым глазом и коричневыми участками на мандибулах и скапусах; переднеспинка светло-коричневая с темными пятнами приблизительно как у Ph. boldyrevi; окраска остальных частей тела примерно как у Ph. malawi.",0
“сознание... уже с самого начала есть общественный продукт” (цитата);,1
"Основной механизм, объединяющий людей в массу независимо от характера совместной деятельности, - психологическое заражение.",1
Формулы щетинок и солен ид иев представлены в табл.,0
"Последний членик хоботка короткий стройный, на конце заостренный, равен 0.8-0.9 длины 2-го членика задней лапки, с 16-24 дополнительными волосками (рис. \в).",0
«Основная цель живой системы – существование – жизнь» (из цитаты).,1
Глазное поле поперечное (с трапециевидным срединным полем).,0
"Зрелые мерикарпии 3.5-4.2 мм дл., 0.6-1 мм шир., продолговатые, по спинке выпуклые, ребра вальковатые, четко выступающие, комиссура средняя.",0
Жить - значит участвовать в диалоге» (из цитаты);,1
"Листочки нижних листьев продолговато-овальные, островатые, ярко-зеленые; листочки средних листьев ланцетные, островатые, сизоватые от более или менее густого опушения; листочки верхних листьев ланцетно-линейные, длинно заостренные, на конце немного мозолистые.",0
"В биологической литературе модули понимаются как подсистемы, характеризующиеся высокой степенью интеграции во внутренних связях и значительной автономностью в связях внешних (Schlosser, Wagner, 2004).",1
"Все эти и многие другие типы диалогических отношений представляют собой весьма разнообразные проявления социальности человека, его деятельности, психики и т. д.",1
"Чашечка с косым зевом до 4.5 мм дл., прижато-черново- лосистая, зубцы узкотреугольные, в 1.5-2 раза короче трубки или иногда равны ей.",0
Минерал оптически двуосный отрицательный.,0
"Церки 12-13-члениковые, каждый членик, кроме 1-2 вершинных несет с внутренней стороны 1-3 боковых опорных шипа.",0
"Крыло (рис. 2, 5) с макротрихиями на всех жилках: c макротрихиями, X безмакротрихий.",0
"""Вьюрки - очень плохие летуны;",1
"За ними стоит общественная практика, откристаллизованная в значениях.",1
"Тело непрозрачное, собственной пигментации не имеет, светло-серого или бледно-желтого оттенка, в зависимости от съеденной пиши.",0
"Годовалые побеги утолщенные, короткие, темно-бурые, при сушке чернеющие, серовато-шерстисто-опушенные.",0
"Зонтички 1-1.7 см в диам., 8-10-цветковые.",0
"Этот образ и есть то, как я представляю себе данное высказывание как целое.",1
"В более широком аспекте смысл - это ценность и одновременно переживание этой ценности человеком в процессе ее выработки, присвоения или осуществления.",1
Просвет фаринкса сильно к тикулизирован.,0
"Продорсум (рис. 1, 2).",0
"Содержанием жизни являются деятельность, труд, потребность в которых также становится одной из ведущих.",1
"Черешки 0.6-2 см длиной, желобчатые, буроватые, сверху опушенные.",0
"Концы створок не оттянутые, тупо закругленные с выростами в виде усеченных конусов.",0
Черта белая.,0
"Согласно , вынужденное комптоновское рассеяние электронов на стоячей волне интерпретируется как дифракция де-бройлевской волны электрона на периодической структуре с периодом - длина волны поля излучения), образованной плоскостями разных фаз (пучностей) стоячей волны.",1
Длина тела 1.74 мм.,0
"Целесообразность как первопринцип биологии представляется синтезом причинности и случайности – случайной причинностью или причинной случайностью – особой формой закономерности, отнятой, «отжатой» жизнью, живыми системами у случайности как дополнительная закономерность.",1
"Средние и верхние стеблевые листья на продолговато-ланцетном, белопленчато-окаймлеином влагалище 1-1.5 см дл.",0
Спайность совершенная (110).,0
Окраска красно-коричневая.,0
"Шесть внешних губных сенсилл в форме тонких, едва заметных щетинок, длиной около 1 мкм.",0
Со-дление живых взаимодействующих популяций удобно называть сосуществованием.,1
"Она определяется как «навыки, которые позволяют людям распознавать свои эмоции и управлять ими, успешно справляться с конфликтами, понимать и проявлять сочувствие к другим, устанавливать и поддерживать позитивные отношения, следовать этике, вносить конструктивный вклад в их референтные сообщества и устанавливать цели и достигать их»  (цитата).",1
(цитата);,1
"Если угол между направлением импульса падающего электрона Ро и волновым вектором k (о - угол скольжения падающего электрона), то условие Вульфа-Брэгга имеет вид вероятности кластера.; где ΔG(n) - работа по образованию кластера размером n , равная изменению термодинамического потенциала Гиббса при образовании в растворе кластера из n мономеров. где Δμ - разность химических потенциалов свободного мономера в растворе и мономера в составе кластера, σ - поверхностное натяжение, r0 - радиус мономера. где концентрация мономеров в растворе, а ceq - концентрация мономеров в растворе при равновесном сосуществовании обеих фаз. где D - коэффициент диффузии частиц в растворе. где c0 - концентрация раствора.""",1
"Сплавы этой серии представляют собой новое четвертое поколение супермагнитов, широко используемых в технологиях прецизионных навигационных приборов и устройствах спинтроники""",1
"Дорзальное субмаргиналыюе ребро хорошо развито и пересекается штрихами, между штрихами и в нижнем вентральном углу чешуйки располагаются поры.",0
"Флаг 8-12 мм дл., пластинка его широкояйцевидная, неглубоко выемчатая длиннее ноготка (рис. 1).",0
"Нектарники парные: адаксиальный двулопастный, 1-1.2 мм длиной, абаксиальный цельный, более короткий.",0
"В этом плане коммуникация представляет собой повседневный, обыденный процесс, участниками которого -наряду с нами - становятся любые объекты;",1
"Имаго, самец.",0
"Крылья прозрачные, без рисунка, с двуцветным жилкованием - практически все продольные и поперечные жилки бурые со светлыми промежутками: лишь СиР+1А переднего крыла целиком черная.",0
Лоб и щеки слегка выпуклые.,0
Костальная жилка заходит за вершину R4 + 5 на 40-48 мкм.,0
"Макроскопически в штуфах минерал непрозрачен, в шлифах - иногда прозрачный; обладает от стеклянного до жирного блеском и слабой спайностью по (010), хрупок.",0
Некоторые кристаллы полисинтетически сдвоиникованы по (100); компоненты двойника связаны матрицей перехода.,0
На переднем конце тела до уровня заднего конца фаринкса кольца кутикулы орнаментированы поперечными рядами палочковидных мелких склероций.,0
"Плоды эллипсоидальные, 13-18 мм дл. и 11-12 мм шир., при основании железистые.",0
"По наружному краю гипопигий (рис. 2, /) в крепких длинных щетинках и мелких по внутреннему вентральному краю.",0
Соматические щетинки не обнаружены.,0
Вершина R4 + 5 находится дистальнее вершины М3 + 4.,0
"Спайность несовершенная, базальная; отдельность не наблюдается.",0
"Иногда щеки с узкой темной полоской вдоль заднего края, а окраска переднеспинки может быть почти как у Ph. malawi; имеются также мелкие вариации в числе жилок и их ветвей в дорсальном поле надкрылий.Самка.",0
Пирамидальных окончаний кристаллов не наблюдалось.,0
"Прицветники лопатчатые, с расширенным основанием, до 1.5 мм дл., равны или чуть короче цветоножек, негусто черноволосистые.",0
На препаратах длина передней шпоры составляет не менее половины задней.,0
"Из темпоральных щетинок головы присутствуют 5-6 наружных вертикальных, 1 внутренняя вертикальная и 3 посторбитальные.",0
"Даже сама идея хроногеометрии о времени как о четвертом измерении пространства - времени; формы пространства и времени, будучи абсолютными условиями бытия; представление о временной последовательности одноместных событий как односторонней причинно-следственной связи; биологическое время остается организменным понятием; организменное время следует считать физическим временем.",1
"2. Большинство щетинок простые, некоторые наружные (на ногах I, П), внутренние (на ногах 111, IV) и дорсальные - широкие, вогнуто-листовидные, округлые дистально и трубчатые у основания.",0
Описание.,0
"Трихоботрии (55, 168-176) гребенчатые, с 7 длинными щетинками.",0
"Л. Долежел среди основных параметров текста называет мотив (motif) - главное содержание, которое проходит в разных формах через весь текст (произведение).",1
Излом ступенчатый.,0
"«История промышленности,- как отмечал Маркс,- и возникшее предметное бытие промышленности являются раскрытой книгой человеческих сущностных сил, чувственно представшей перед нами человеческой психологией» (цитата);",1
"Аногенитальная область (рис. 1, 2;",0
"ТФ может проявить себя как некое резонансное состояние, распадающееся на электрон-позитронную пару.",1
"Тело светло-зеленое, сочленения усиков светло-коричневые, глаза красные.",0
"У диплоидных (полиплоидных) организмов, клетки которых содержат по одному (несколько) набору хромосом каждого из родителей, одинаковые хромосомы получили название гомологичных хромосом, или гомологов.",1
"Блеск минерала стеклянный, черта белая.",0
"Мезо- и метаплевры блестящие, в тонких поперечных морщинках.",0
Скутум в длинных крепких дорзальных и более мелких акростихальных щетинках.,0
В проходящем свете зерна прозрачны.,0
"Усиковые бугры сравнительно высокие, расходящиеся, срединный лобный бугор слабо намечен.",0
Главная габитусная форма кристаллов - пинакоид {001 {.,0
"Генеративные побеги до 2 см длиной, с 2-6 мелкими листьями; оси соцветий густо-волосисто-опушенные.",0
"Чешуи яйцевидные или узкояйцевидные, 3.5 X 1.7 мм.",0
"По парагенезису и данным природного образования толбачита CuCl2 (Effcnberger, 1988) и эвхло- рина, температурный интервал устойчивости ламмсрита-p составляет 400-650 °С.",0
"В случае разреженных сред под пондеромоторными силами часто понимаются усредненные повремени силы, действующие на отдельный электрон в пространственно-неоднородном электромагнитном поле.",1
Наше ощущение времени как независимой от Бога беспредельной протяженности; а центром Земли служит гроб Господень.,1
"Дело в том, что для самого субъекта осознание и достижение им конкретных целей, овладение средствами и операциями действия есть способ утверждения его жизни, удовлетворения и развития его материальных и духовных потребностей, опредмеченных и трансформированных в мотивах его деятельности. .личностный смысл – это всегда смысл чего-то: """"чистый"""", непредметный смысл есть такая же бессмыслица, как и непредметное существо.",1
"V ′ - псевдовекторное представление пространственной группы, знак ⊗ означает прямое произведение матриц. базисной функцией является Lz -компонента вектора антиферромагнетизма, равная разности проекции спинов атомов 1 и 2 на ось z.",1
"Несколько неформально модуль развития может определяться как подсистема, проявляющая некоторое относительно автономное поведение (von Dassow, Munro, 1999). морфологическая модульность может рассматриваться также как аспект модульности развития (Eble, 2005).",1
"Под дискурсивным мышлением мы будем понимать особый вид вербального мышления, обслуживающего процессы порождения и смыслового восприятия дискурсов.",1
"Деятельность человека и составляет субстанцию его сознания. субъект выступает лишь как некая абстрактная, психологически """"не наполненная"""" целостность.",1
"Созна­ние и личность рассматриваются как продукты и как “мо­менты”, стороны деятельности.",1
"Голова плоская, опистогнатическая, с выпуклым лбом, черная с тонким светлым рисунком - светло-бурыми (у части особей белыми) подантеннальными кольцами, полосками глазного канта и окантовкой наличника.",0
"""темный фотон (ТФ) A′ - массивный векторный бозон, который может смешиваться с обычным фотоном посредством «кинетического смешивания».",1
"Таким представлением и является «деятельностное» представление глобальной речи, трактовка ее как определенного вида деятельности, а именно как речевой деятельности. психика есть функция, свойство человека как материального, телесного существа, обладающего определенной физической организацией, мозгом.",1
В тесном срастании с ним часто,0
"Системой можно назвать только такой комплекс избирательно вовлеченных компонентов, у которых взаимодействие и взаимоотношения принимают характер взаимоСОдействия компонентов на получение фокусированного полезного результата.",1
"Плотность, измеренная методом уравновешивания в тяжелых жидкостях, составляет 2.88(3), вычисленная из структурных данных - 2.94 г/см3.",0
2. 9-13).,0
"Самец (3.5 мм), черный, с длинными черными щетинками тела.",0
"Так, А.А. Потебня (1976, с. 302), который термином «представление значения» называет то, что у нас именуется «мотивировкой»;",1
"Нотогастр (рис. 1, 1,2) округлой формы.",0
"Цветоносы равны или немного длиннее листьев, опушены белыми прижатыми мелкими волосками, очень часто с примесью, иногда значительной, черных волосков.",0
"В основании стебель несет светлые бледно-зеленые или слабо охристо-окрашенные чешуевидные листья, верхний из которых с трехгранной внизу и плоской вверху узкой пластинкой до 10-12 см дл.",0
Шпиц в 3.6-4.6 раза длиннее основания 6-го членика.,0
(цитата);,1
"Плотность, вычисленная из эмпирической фор мулы и параметров элементарной ячейки, равна 2.667 г/см3.",0
"Дисперсия оптических осей заметная, г > v.",0
На щитке 9 щетинок.,0
"Тело 3.16, усики 3.04-3.10, в том числе третий членик 0.84-0.85, четвертый членик 0.55-0.56. пятый членик 0.51-0.53, шестой членик 0.88-0.91 (0.17-0.18 -I- 0.71-0.73), трубочки 0.67-0.74, хвостик 0.38, последний членик хоботка 0.15, второй членик задней лапки 0.17.",0
"Плоды голые, яйцевидные, слегка сжатые с боков, карпофор двураздельный, комиссура узкая.",0
"""любое функциональное состояние является результатом включения мозга в конкретную деятельность, в ходе которой оно активно преобразуется, обусловливая успешность реализации этой деятельности.",1
Id).,0
"Блеск стеклянный, излом неровный.",0
"Смысл жизни как ответственность за ее осуществление, за ее способ связан с потребностью и способностью самостоятельно, на свой страх и риск, строить и осуществлять ее.",1
Кустарник до 1.5 метров высотой.,0
"Ноги длинные со слабо головчатыми волосками, на 1-м членике лапок 5, 5, 5 волосков.",0
"«Письмо - это не язык, но всего лишь способ фиксации языка с помощью видимых знаков» (из цитаты);",1
Минерал не люминесцирует в ультрафиолетовых лучах.,0
"Сам принцип детерминизма может быть рассмотрен как форма редукции неопределенности. кризис можно рассматриватькак отрефлексированный вызов, задающий необходимость его преодоления.",1
"В отличие от ламмсрита, встречающегося в виде хорошо ограненных кристаллов темно-бирюзового цвета (Филатов и др., 1984), для Р-модификации ограненные кристаллы нехарактерны.",0
Сознание существует только в обществе и в этом плане выступает как системное качество.,1
"Голова заметно шире груди (53 : 43), значительно шире брюшка (53 : 40), поперечная.",0
"Волокнистые трахеиды со средней толщиной стенок 3.2-3.4 мкм, несущие поры со слабо заметным или неразличимым окаймлением (обр. 260, табл.",0
"Растения многолетние, поликарпические, почти голые, с вертикальным тонким корневищем, с каудексом, цельным или немного ветвистым.",0
"Ими создается то, что называют генетическим единством органического мира во времени.",1
"Пронотум темно-бурый, без пятен, передние утл ы осветлены.",0
"По его мнению, «язык, слово - это почти всё в человеческой жизни» (из цитаты);",1
"Растение многолетнее, поликарпическое, темно-зеленое, голое.",0
"Далее, не всякое общение является непосредственной реализацией именно и только общественных отношений.",1
"Длина лежачих лучевых клеток на радиальном срезе в 2-2.5 раза превышает их высоту (обр. 260, табл.",0
Спиннерета в форме узкого продолговатого конуса длиной 4-5 мкм.,0
"Это особые смысловые отношения, их членами являются лишь целые высказывания, за которыми стоят и в которых выражают себя реальные или потенциальные речевые субъекты.",1
"Крылья обратноланцетные, продолговато-обратнояйцевидные, на верхушке округлые, 9-13, 2.5-4 мм длиной.",0
Передние медиальные глаза в два раза мельче задних; сближены (расстояние между глазами меньше диаметра глаз).,0
"Лепестки белые, 1.3-1.5 мм дл., обратнояйцевидные, почти цельные, без ноготка, с узкой загнутой внутрь верхушкой, с одиночным секреторным канальцем, при плодах долго сохраняющиеся.",0
"Усики шести- члениковые, составляют 0.9-1.0 длины тела.",0
"Текст - это сообщение, объективированное в виде письменного доку- мента, литературно обработанное в соответствии с типом этого документа, состоящее из ряда особых единств, объединенных разными типами лекси- ческой, грамматической и логической связи, и имеющее определенный мо- дальный характер и прагматическую установку.",1
"Общая окраска тела желтоватая с фиолетово-коричневым пигментом вокруг глаз, глазков, усиков, на лбу, по бокам клипеуса, на верхней и нижней губе, верхних и нижних челюстях, щупиках, усиках, ногах, в основаниях нерок, каудального филамента и на последнем сегменте брюшка.",0
"Цветки желтые, с пыльцой.",0
Плотность 1.91(2) г/см3 (определена гидростатическим методом в водном растворе Клернчн с п = 1.,0
Экзокарп из мелких клеток.,0
В рамках этой аксиоматики жизнь можно определить как целесообразное самодвижение или самопокой.,1
"I, /, 2) или с короткими клювиками, расположенными чаще с одного конца членика.",0
Проксимальный край чешуйки асимметричный.,0
"Макроскопически давинчиит - минерал тсмно-сирснсвого цвета, в тонких сколах и под микроскопом бледно-сирснсвый.",0
"Строение тела со следующими особенностями: надкрылья (рис. 1,5) более длинные, чем у предыдущих видов, существенно заходят за вершины анальной и генитальной пластинок (длина надкрылий приблизительно в 2.3 раза больше максимальной ширины их дорсального поля), содержат в дорсальном поле 7-8 продольных жилок, многие из которых двуветвистые, а некоторые - трехветвистые (в медиальной части дорсального поля их ветви несколько скошенные, а в остальной части - почти параллельные и довольно густые); боковое поле надкрылий похоже на таковое Ph. malawi: поперечное жилкование надкрылий почти не развито; остальные части тела (кроме гениталий) также похожи на таковые Ph. malawi и Ph. boldyrevi, но анальная пластинка более сходна с таковой Ph. boldyrevi, а генитальная - промежуточная между таковыми этих видов по форме; гениталии (рис. 2, 5;",0
Ниже будет дана более подробная аргументация этого понятия.,1
Однако прекращение борьбы за существование и вызываемого ею отбора приспособленных означало бы прекращение жизни как особого способа существовании материи.,1
"Встречаются поры угловатые, квадратные с округлыми углами и заостренно-вытянутые.",0
Длина 2.08 мм.,0
"Растение 10-25 см выс., с многоглавым корнем.",0
"1,1).",0
"Листья 2-9 см длиной и 1.5-5 см шириной, овальные, продолговатоовальные или продолговато-обратноланцетные, острые или короткозаостренные, в основании ширококлиновидные или округлые, пильчатые, с расставленными мелкими согнутыми зубцами или почти цельнокрайные, слегка подвернутые, плотные (жестковатые в сухом состоянии), от рассеянно-волосистых до более или менее густо опушенных, сверху ярко-зеленые, лоснящиеся, снизу сизые, со слабо выступающими боковыми жилками.",0
Явления наследования и размножения - одна из сторон жизнедеятельности; предок и потомок - не взаимосвязанные объекты;,1
"Универсально-предметный код – это язык, который, по словам Жинкина, «может быть охарактеризован некоторыми общими чертами» (из цитаты);",1
"Многолетнее растение до 30 см высотой, с тонким от 2 до 5 мм в диаметре длинным стержневым корнем.",0
Модус текста – это аккорды модуса в пространстве текста звучащие уже как мелодия;,1
"Задние бедра и голени утолщены на вершине (рис. 1,3-5), задние бедра также резко сужены в основании, а задние голени постепенно расширяется от основания к вершине.",0
"1, их обозначения - в табл.",0
"Не вполне зрелые семянки желтовато-бурые, расширенная часть их 3-3.5 мм дл., в верхней части мелко шиповатые; пирамидка около 0.6 мм дл., довольно постепенно переходящая в носик 2.5-3 мм дл.",0
"Автосплайсинг – процесс вырезания интронов из пре­РНК без участия белков.""",1
"Ноги (рис. 3, 1-4).",0
"Хелицеры (303-315) с двумя щетинками: chb (77-86) простые, слабо опушенные; cha (8-12) шиловидные, гладкие.",0
"Угол 2V, оцененный по кривизне балки в разрезе, перпендикулярном оптической оси, составляет 45(10)°, 2ИВЫЧ = 55°.",0
В задней части клетки обнаружены только субмембранные микротрубочки (рис. 45).,0
"Подстолбия короткоконические; стилодии до 0.5-0.7 мм дл., толстоватые, отклоненные.",0
"В отличие от мотивов, которые в психологии рассматриваются как выражение потребностей, смысл - это не только стремление к чему-то, не только будущая цель, определяемая мотивом, но и то переживание, которое имеет место в процессе реализации данного мотива (или их совокупности).",1
"Это - некоторая целостная установка, объединяющая эпизоды умственной жизни индивида.",1
"I, 3).",0
"Прицветники линейные или линейно-ланцетные, 4-6 мм длиной, опушенные длинными курчавыми нежелезистыми и короткими железистыми волосками.",0
"На электромагнитных сепараторах минерал отделяется в магнитную фракцию при средне-сильном токе, но простыми магнитами не притягивается.",0
"Плоды с трудом распадаются на 2 мерикарпия, колонка цельная.",0
Хрупкий.,0
"Структура створки из локулярных ареол, локулы цилиндрические, с наружным сплошным велумом, крибральные поры которого расположены свободно, и мелкими фораменами на внутренней поверхности.",0
"Мы уже видели, что для Бахтина взаимосвязи между репликами реального диалога (беседы, дискуссии и т.д.) являются наиболее наглядным и простым видом диалогических отношений.",1
"Глаза в густом темном опушении, сближены на значительном протяжении.",0
"Мутация – наследуемое изменение генетического материала, не сводимое к характеристикам генетического материала (генотипа) родителей.",1
Под размером тени будем понимать ее диаметр вдоль оси вращения. точкой обзора является угол наклонения.,1
"В чешуйках воротника ретикулум занимает более половины поверхности щита и состоит из угловатых ячей, каждая ячея включает одну пору.",0
"Два вершинных членика щупиков цилиндрические, вершинный в 1.5 раза длиннее предшествующего.",0
Минералогия.,0
"«Индивид как собственник содержаний своего сознания, как автор своих мыслей, как ответственная за свои мысли и желания личность, такой индивид является чистым социально- идеологическим явлением» .",1
"Эволюционный модуль может быть определен на языке отображений генотип–фенотип (genotype–phenotype mapping) как набор фенотипических признаков, высокоинтегрированных фенотипическими эффектами определяющих их генов и относительно изолированных от других подобных множеств признаков за счет незначительности плейотропных эффектов (Wagner, Altenberg, 1996).""",1
"Общественные идеи, взгляды, настроения и т. п. - это не нечто «витающее» над людьми, а формирующиеся в процессе развития общества идеи, взгляды, настроения конкретных людей, живущих и действующих в конкретных исторических условиях.""",1
Усики монохромные.,0
Загиб пологий.,0
"Из самого выражения «управляющая система» следует, что она уже сама является полноценной системой, несмотря на то что управляемый объект находится вне ее.",1
Агрегаты состоят из очень мелких удлиненных пластинчатых кристаллов объединенных в параллельные или расходящиеся пучки (рис. 2).,0
"«Труд,- писал Маркс,- есть прежде всего процесс, совершающийся между человеком и природой, процесс, в котором человек своей собственной деятельностью опосредствует, регулирует и контролирует обмен веществ между собой и природой» (цитата);",1
"Это - мирское и сакральное время. зарождение в организме жизни есть и начало смерти; это иное, нежели в раю, земное, время. представление о времени как  соединение дления и течения;",1
"Спикулы сравн тельно крупные и широкие, 1зентрально изогн ты, их длина в 1.3-1.5 раза превышает диаметр т ла в области клоаки.",0
"Выделения большей частью имеют осколочный вид, уплощены, облик призматический, вдоль удлинения характерна частая штриховка, цвет бутылочно-зеленый от бледного до темного, блеск стеклянный.",0
"Модус – в отвлечении от того, каких методико- терминологических принципов придерживаются авторы, – к настоящему моменту признан образующим текст как знаковую систему, регулярно и облигаторно выражающую коммуникативно- прагматические смыслы, как на оси «автор-читатель», так и на оси «автор-текст».",1
Твердость по шкале Мооса рав на 7.,0
Третий параметр стилистического анализа авторского начала – его удельный вес в тексте.,1
"Грудь на всем протяжении черная, лишь плечевые бугорки коричневые.",0
"Плоды 6-8 мм длиной, яйцевидно-веретеновидные, светло-коричневые, рыхло войлочно опушенные, на опушенных ножках 0.5-1 мм длиной (рис. 1, смотри вклейку).",0
"При этом представители, например, психоаналитического направления толкуют сознательное как результат превращения бессознательного в процедурах психотерапии (когда «анализанд» приходит к такому же пониманию своего состояния, которое раскрывается «аналистом»).",1
"Классический пример – изменчивость (разнообразие) химических элементов есть результат комбинаторики элементарных частиц, воплощенных в Периодической системе элементов Д.И. Менделеева.",1
Твердость 5 по шкале Мооса.,0
"Кубитоанальное поле переднего крыла однорядное, без добавочных поперечных жилок, лишь между 2А и ЗА имеется замкнутая пятиугольная ячейка.",0
"Сред неси инка с парапсидальными бороздами, достигающими Уг ее длины, с грубоячеистой скульптурой.",0
Венчик белый или синевато-белый с фиолетовым пятном на верхушке лодочки.,0
"Край створки узкий бесструктурный, отогнутый.",0
Эту совокупность мы именуем лексическим фоном.,1
"Терминус хвоста гладкий, без кутикуляций колец.",0
"Максиллы серо-желтые, продольные, шагренированы как хелицеры, с беловатой вершиной.",0
"Углубление под передним глазком небольшое, с ячеистой скульптурой.",0
Темя с поперечным килем.,0
Обломки его кристаллов обнаружены только в самых ранних пробах отбора (первые 5 лет после окончания извержения).,0
Длина головогруди 1.0. ширина 0.9 мм.,0
"Пыльники овальные, 0.7 мм длиной, желтые.",0
"I, 3).",0
"Между парапсидальными бороздами расположены продольные, прерывистые морщинки.",0
Сама природа была богодарованной природой.,1
При сгруктурном исследовании минерала обнаружено микродвойникование (см. ниже).,0
Эпимеральная формула 3-1-3-4.,0
В этом смысле неживая природа доля классической физики - аддитивное целое.,1
"Ведь психика – это не просто система, а суперпозиция, т.е. взаимоналожение разноуровневых систем – феноменологической, социальной, психофизиологической и др.»",1
Жизнь небесная - непреходящее бытие души;,1
Угол угасания составляет около 4-5° относительно удлинения кписталла 1т. е. относительно Г10011.,0
В воде не растворяется; дает реакцию на фосфор с (NH^MoCH после растворения в HNO3.,0
"Плотность ванадиопаргасита, измеренная уравновешиванием в жидкости Клеричи путем постепенного разбавления, составила 3.05±0.05 г/см3, рентгеновская плотность - 3.112 г/см3.",0
"Древесинные лучи многочисленные, слабогетерогенные и гетерогенные, одно-трехрядные от 2 до 20 (26) клеток выс., преобладают двурядные лучи.",0
"Контекст - не что иное, как наше окружение;",1
Под микроскопом он бесцветен.,0
"Блеск отдельных пластинок стеклянный, корки матовые.",0
"В нерелятивистском приближении пондеромоторная сила, действующая на отдельный электрон, оказывается направленной вдоль градиента средней интенсивности поля и поэтому часто называется градиентной силой. и по этой причине другое часто используемое название (особенно в физике плазмы) - это «сила Гапонова-Миллера».  где  - векторный потенциал поля, E:o(r) и w - амплитуда его напряженности и частота, горизонтальная черта обозначает усреднение по периоду поля. где - напряженности электрического и магнитного полей; где, р - импульс электрона, v - его скорость, энергия; где At - коэффициенты разложения, являющиеся произвольными функциями трехмерного волнового вектора k, а (.c)k = clkl - частота, соответствующая волновому вектору k. где - ширина спектра,  средняя частота излучения.",1
"Минерал представлен белыми плотными мелоподобными агрегатами размером до 3 см (рис. 1) в крупных пустотах или сростками волокнистых кристалликов, чаще расположенных в мелких пустотах среди грейзенов.",0
"Членики сосудов тонкостенные с толщиной оболочек 1.8-2.5 мкм, цилиндрические, 100-190 мкм дл. и 15-18 мкм в диам., без клювиков (обр. 260, табл.",0
"От заднего конца пищевода до переднего отдела хвоста кутикула имеет узкие латеральные продольные гребни, составленные из продолговатых склероций, расположенных лате- рально на каждом кольце кутикулы.",0
Психика человека формируется как своего рода единство физиологических предпосылок и социальных средств.,1
"Для представления Γ2 такой базисной функцией является компонента Mz вектора суммарного магнитного момента S1z + S2z . где L - орбитальный момент, ML - его проекции на ось z, κ - другие квантовые индексы. где C(φ) - оператор поворота вокруг некоторой оси, 1 - пространственная инверсия.",1
Коммуникация - это линия под напряжением.,1
Остальные тергиты с ячеистой сглаженной скульптурой.,0
"2А простая, редко разветвленная, ЗА имеет 3-4 ветви.",0
"Стебли приподнимающиеся или распростертые, в нижней части слабо опушены короткими, простыми, прижатыми, белыми волосками, в молодом возрасте очень часто с примесью черных волосков (рис. 1).",0
Невысокий кустарник 50-100 см выс.,0
"Плотность, определенная микрообъемным методом, равна 2.82(2) г/см3, а вычисленная для эмпирической формулы - 2.848 г/см3.",0
"В первом приближении можно предположить, что изменчивость, наблюдаемая на данном уровне организации (материи), есть результат комбинаторики элементов разнообразия предшествующего, более низкого (предыдущего) уровня организации.",1
Описание.,0
Зубцы чашечки отсутствуют.,0
"Шипы немного согнутые и сжатые с боков, с овальным основанием или отсутствуют.",0
Описание.,0
Отношение длины тела к длине крыла 1.51.,0
"Пресекторальное поле переднего крыла с 5-8 поперечными жилками (обычно 6- 7), заднего крыла - с 4-7.",0
"Стебли 15-40 см выс., в подземной части утонченные, в поперечном сечении округлые, тонкие, 1-1.5 мм в диам., выполненные, в верхней части тонко ребристые, от основания почти щитковидно ветвящиеся со слегка дуговидно отогнутыми ветвями.",0
Спайность или отдельность не выражены.,0
"Семена гладкие, светло-коричневые.",0
"Щупики черные, их 1-й членик с 3 щетинками и слабым сенсорным полем, 2-й короткий, 3-й - узкий и длинный (рис. 2, 6).",0
"Естественно, что условия жизни - это, прежде всего, другие люди, поэтому потребность в понимании, в признании непосредственно связана с первой, составляет ее (более или менее) самостоятельную сторону.",1
"Как уже отмечалось, идеальное является не индивидуально- психологическим, а общественно-историческим фактом. что оно  (идеальное) является общественно-историческим продуктом;",1
"Процесс деятельности выступает и как про­цесс активного вмешательства субъекта в мир вещей, и как процесс отражения предметного мира в сознании.",1
"Цвет в образцах и зернах под бинокуляром ярко-зеленый до изумрудно-зеленого, но порошок бледно-зеленый.",0
"Показатели преломления для света с длиной волны 589 нм составляют: Np= 1.708(5), Nm = 1.730(5), Ng = 1.735(5).",0
"Общение, как и деятельность вообще, есть, таким образом, способ и одновременно условие актуализации общественных отношений.",1
Конечные сегменты почти до основания пальчато рассечены.,0
"Тычинок 2, со свободными, волосисто опушенными нитями около 5 мм длиной.",0
Последний членик нижнегубных щупиков веретеновидно утолщен.,0
Это в основном редкие индивиды осколочного облика бутылочно-зеленого цвета.,0
"Чашечка трубчато-колокольчатая, 8-9 мм длиной, с 15 заметными жилками, опушенная более длинными нежелезистыми и более короткими железистыми волосками, почти двугубая, с тремя слегка сросшимися верхними и свободными нижними треугольно-ланцетными зубцами 3-4 мм длиной, на верхушке заостренными, но не остистыми.",0
Цветки сидячие или на цветоножках 1-2 мм длиной.,0
Вершины нерок с одним апикальным шипом (рис. 1).,0
"Межсосудистая поровость точечная очередная, окаймленные поры расположены свободно.",0
"Плотность, измеренная методом уравновешивания в тяжелых жидко стях, составляет 2.66(1) г/см3.",0
"Распределение, которое обусловлено только вкладом КЭД, является фоном, значительно превышающим эффект, обусловленный ТФ.",1
"Урамарсит образует несовершенные пластинчатые кристаллиты до 2 мм и пленочные образования, реже встречается в форме уплощенных квадратных кристаллов размеров до 0.1 мм с основными формами (001), реже (010).",0
"Благодаря взаимодействию различных языковых средств высказывания Фр всегда выступают по сравнению с их аналогами на уровне Фп, с одной стороны, как функции более конкретные (из нескольких обобщенных возможностей реализуется одна, выступающая в том или ином конкретном варианте), а с другой - как обогащенные дополнительными элементами, обусловленными результатами лексико-грамматического взаимодействия, контекстом и речевой ситуацией.",1
"Зонтики 3-8 см в диам., 3-4 (5)-лучевые; лучи 2-4 см дл., немного неравные, слегка ребристые.",0
Опушение груди и брюшка светлое.,0
"Двух-трехрядные лучи могут быть без однорядных окончаний или с короткими, однорядными окончаниями из 2-6 клеток, расположенных чаще с одной стороны луча.",0
"Мандибула 3-зубчатая, с большим нижним зубцом, ее высота у основания (см. сбоку) в 2 раза больше наименьшего расстояния между выемкой и верхним мандибулярным килем.",0
Самцы имеют аксиллярные пластинки.,0
Основным условием научного мировоззрения стали объективность и независимость явления от наблюдателя;,1
Такие модификации системы называются энантиоморфными.,1
"""Для общей теории индивидуального сознания главное состоит в том, что деятельность конкретных индивидов всегда остается """"втиснутой"""" (insere) в наличные формы проявления этих объективных противоположностей, которые и находят свое косвенное феноменальное выражение в их сознании, в его особом внутреннем движении.",1
"В тангентальном сечении лучи линейные и веретеновидные, их клетки различной величины и формы округлые, овальные, вытянутые по оси луча или поперек ее, краевые клетки более или менее заостренные.",0
"Верхняя губа, мандибулы и базальные членики щупиков золотистые, Второй и третий членики обеих пар щупиков темно-бурые.",0
"Так, например, Н.Д. Арутюнова в «Лингвистическом энциклопедическом словаре» дает следующую дефиницию: «Дискурс (от франц. discours – речь) – связный текст в его совокупности с экстралингвистическими – прагматическими, социокультурными, психолингвистическими и др. факторами; текст, взятый в событийном аспекте; речь, рассматриваемая как целенаправленное социальное действие, как компонент, участвующий во взаимоотношении людей и механизмах их сознания (когнитивных процессах).",1
"""понятие генома в отличие от генотипа является генетической характеристикой вида в целом, а не отдельной особи.",1
Чаще всего используется калька с английского – «мягкие навыки».,1
"Эти непонятийные СД, входящие в лексический фон, мы будем теперь называть по их принадлежности - фоновыми СД.",1
"Тело червя широкое, в неподвижном состоянии - уплощенно-овальное, в со стоянии свободного плавания - удлиненно-прямое.",0
"В англо-американской традиции  навык (skill) – это сложно организованный поведенческий паттерн, приобретаемый в результате тренировки и практики.",1
"Эзофастома бокаловилная, вооружена более крупным дорсальным зубом и двумя мелкими, едва заметными субвентральными зубами.",0
"В виде механической примеси в минерале часто присутствует тонкодисперсный гематит, образующий буроватые сгущения, иногда зональные по контуру зерен.",0
"Глазной мостик узкий, 2-рядный (рис. 2).",0
"Боковые грани пластинок проиндицировать не удалось, предположительно это {100} или/и {110}.",0
Завязи войлочно-опушенные.,0
"Почки мономорфные, 4.5-9 мм длиной, яйцевидные или округло-яйцевидные, со слегка уплощенным отогнутым носиком, со стороны побега немного уплощенные, по бокам килеватые, темно- или красновато-коричневые, шерстисто-опушенные или почти голые.",0
"В связи с тем, что кристаллическая киральность является геометрической характеристикой, ее можно определить путем отнесения кристалла или молекулы к некоторой группе симметрии.",1
"Итак, сознание человека, как и сама его деятельность, не аддитивно.",1
"Внешние губные щетинки и губные щетинки объединены в один круп Хейлостома узкая, укреплена склеротизированными ребрами и часто выступает из ротового отверстия.",0
"Твердость микровдавливания VIIN = 522-604 кге/мм2, VIINcp (по 7 отпечаткам в 4 зернах) - 575 кге/мм2, что соответствует 5.5 по шкале Мооса.",0
"Анализ конкретных высказываний, опирающийся на понятие КС, представляет собой один из возможных способов изучения Фр. Значение формы - это ее системно значимое внутреннее свойство.",1
"«монолог является в значительной степени искусственной языковой формой» (из цитаты); письменный язык является искусственным, графическим изображением устного; а именно: текст - это целенаправленное речевое произведение, состоящее из неопределенного количества грамматических структур (предложений) и при этом имеющее определенный смысл, в той или иной степени отличный от смысловых показателей этих грамматических структур.",1
"Оптически двуосный, плеохроизм не наблюдается, серые цвета интерференции, угол погасания 45°, а = 1.493(5), (3 не определен,",0
"Длина переднего крыла 24-33 мм (мода 27), заднего крыла 23-29 мм; длина брюшка у обоих полов 18-25 мм.",0
6-8).,0
"Нередко линейные однорядные лучи имеют 1-2 двурядных участка (обр. 262, табл.",0
Глаза расположены в два ряда.,0
Смысл жизни как стремление с наибольшей полнотой реализовать себя в жизни;,1
Описание.,0
Излом ступенчатый.,0
Мужские сережки 2-2.5 см длиной.,0
На кутикуле задней части хвоста грубая кольчатость без латеральных гребней.,0
"Купол почти округлый, с коротким пиком, одна сторона его поверхности с ретикулом из угловатых ячей; каждая ячея окаймляет одну крупную пору.",0
"Боковые глазки соприкасаются с внутренними орбитами глаз, удалены от поперечного киля на расстояние, равное поперечному диаметру глазка.",0
Эпимеральная область (рис. 1.2 2.,0
"""система с результатом  - это «специальный случай» системы.",1
"В физике сплошных сред пондеромоторные силы понимаются как усредненные по времени си­лы, действующие на элемент среды и обусловленные либо неоднородностью поля, либо неоднородностью среды как таковой .",1
Грудь.,0
"Метатарзус задних лапок сужен в основании, его ширина в среднем отделе составляет не более 1/2 ширины голени у вершины, а длина не менее длины двух прилежащих члеников лапок.",0
Цвет порошка минерала (черта) светло-зеленый.,0
"Биологическая система есть и в то же время и химическая, и физическая система, и подчиняется законам химии и физики.",1
"Интегумент (рис. 1, 1,2).",0
"Генетическая информация о структуре отдельных белков и нуклеиновых кислот у всех организмов заключена в молекулах ДНК или РНК в виде последовательностей нуклеотидов, называемых генами.",1
"Прикорневые листья на длинных тонких черешках, с треугольной в очертании, трижды тройчатой пластинкой 3-7 см дл., 2-6 см шир.",0
"В прозрачных шлифах мариинскит имеет изумрудно-зеленый цвет, но более светлый, чем у эсколаита.",0
"Флаг продолговато-обратнояйцевидный, на верхушке выемчатый, 15-23, 8-14 мм длиной.",0
"Стеклит хрупкий, а очень тонкие листочки гибки.",0
Нижняя губа продольная серо-желтая с тонкой белой полоской на вершине.,0
"Так что изоляция является чрезвычайно важным фактором формообразования, препятствующим вторичной нивелировке.",1
Самец.,0
"Ость гладкая или с 1-2, или несколькими короткими шипиками.",0
"Прилистники яйцевидно-треугольные, островатые, в нижней части на 1/3 сросшиеся, 3-6 мм длиной, зеленые, позднее буреющие, с нижней стороны опушены простыми белыми волосками с небольшой примесью черных волосков.",0
"Если из семемы вычесть понятийные СД, то в остатке окажется совокупность непонятийных СД.",1
Описание.,0
Спиральные утолщения на стенках сосудов и волокнистых элементов отсутствуют.,0
Длина задней узкой цилиндрической части хвоста составляет 70-74% общей длины хвоста.,0
Бедра с вентральными килями.,0
Совершенная спайность наблюдается в направлении (001).,0
"Диск хорошо развит, 5-6 мм в диам., зев узкий, 1 мм в диам., головка рылец бело-шерстистая.",0
"(из цитаты) Наконец, результат деятельности целого организма также является «судом последней инстанции».",1
"Звягинит хрупкий, спайность совершенная по {001}; под микроскопом видны еще два направления средней спайности, приблизительно перпендикулярные как друг другу, так и грани.",0
В тонких сколах прозрачный.,0
"Плотность, измеренная в растворе Клеричи - 3.65(3) г/см3, рассчитанная по структурным данным и эмпирической формуле - 3.73 г/см3.",0
"Стебли одиночные или в числе нескольких, в основании коротко покрытые пленчатыми остатками листьев, 4-17 см выс., голые, до 2-3 мм в диам. у основания, ребристые, почти прямые или слегка коленчато изогнутые, простые или от середины ветвистые, с короткими междоузлиями.",0
"Цветки одиночные или в соцветиях по 2-3; цветоножки тонкие, железисто-щетинистые, 10-20 мм дл.; чашелистики до 25 мм дл., снабженные узкими, почти нитевидными и нерасчлененными густо-железистыми придатками, снизу и по краю обильно усеянные стебельчатыми железками, сверху коротко-волосистые.",0
"Эта лента проходит в стенке правой складки бороздки (рис. 3В. 3Д, 3Е;",0
"Но «слово»... возникает... в процессе общественной практики, а значит, и является фактом объективной действительности, независимым от индивидуального сознания человека (из цитаты);",1
"В центре створки ареолы расположены безпорядочно, на периферии образуют короткие радиальные ряды.",0
А.Ф.Корниенко постулирует: «психика – это свойство мозга; нет мозга – нет психики» .,1
"Человек рассматривается как «рефлексивное животное», способное как бы создавать самое себя за счет интериоризации наблюдений и действий, осуществляемых по отношению к нему другими людьми.",1
"Цитик поперечный (10 : 28), его ячейки более мелкие чем на среднеспинке, Заднеспинка в виде небольшой пластинки, в глубоких ячейках.",0
"Перед клоакой, с 1зентрал ной стороны кольца кутикулы расширены, чис. таких колец 27-35.",0
"Верхние тычинки слегка превышают но длине верхнюю губу, нижные ей равны.",0
Тегмен прямоугольной формы с тонкими склеротизо- ванными отростками.,0
Вариации.,0
,1
"Наука – система знаний, состоящая из научных понятий, законов и теорий.",1
Термин образ автора предложен В.В. Виноградовым как важнейший из инструментов стилистического анализа художественной речи;,1
"Семенник один, прямой.",0
"Третий членик усика (флагелломер 1) в 1.6- 1.7 раза длиннее своей ширины, в 3.8-4.0 раза длиннее 2-го членика, длина 3-го членика составляет 0.7 длины 4-го членика; длина последнего составляет 1.0- 1.05 длины 5-гс членика.",0
"Например, такие выраженияпредставляют собой различные коммуникативные фрагменты.",1
его базального диаметра.,0
Плечевой бугорок с волосками.,0
"Оно может рассматриваться не только как акт осознанного, рационально оформленного речевого обмена информацией, но и в качестве непосредственного эмоционального контакта между людьми.",1
"Корневище короткое, стебли плотно скучены.",0
Плодоношение - конец VIII-IX.,0
"Другая трактовка состоит в том, что сознание объявляется внутренним знанием или убеждением, которое выражается прежде всего в понимании и оценке своих собственных состояний.",1
Стороны панциря прямые или слегка выпуклые.,0
"Ее длина, измеренная посредине, в 2.7 раза меньше ширины.",0
"""Умственное действие характеризуется тем же: оно также представляет определенное целенаправленное изменение своего предмета Умственное действие есть умение произвести «мысленное» преобразование предмета. предметом моего действия являются звуки речи, а буквы являются только средством обозначения этих звуков;",1
"Стрелки довольно тонкие, голые.",0
"Анальная лопасть развита, округлая.",0
Остальные скпериты груди целиком темно-бурые.,0
Смысл жизни - это психологический способ переживания жизни в процессе ее осуществления.,1
Цвет при жизни.,0
"Клетки очень маленькие, 8-11 мкм длиной, 4-6 мкм шириной, обычно эллипсоидные, с апикальными щетинками и воротником вокруг проксимального конца жгутика.",0
"""Мейоз – это особый тип клеточного деле- ния, в результате которого образуются клетки, содержащие гаплоидный набор хромосом.""",1
"Язык, как и другие знаковые системы, - это не просто заместитель реальных вещей.",1
Явление было названо апокампическим разрядом или апокампом;,1
"Коготки короче шпор, но шире и сильно изогнуты, расставленные.",0
Излом ступенчатый.,0
"Реальной единицей такого общения является, по его мнению, высказывание, принципиально отличное от предложения как единицы языка.",1
"Стебли многочисленные, 20-35 см высотой, восходящие, покрытые чешуевидными коричневыми листьями, опушены короткими и более длинными вниз изогнутыми, нежелезистыми волосками, выше иногда со значительной примесью коротких железистых волосков.",0
Аксиальная паренхима представлена достаточно обильной апотрахеальной - диффузной и скудной паратрахеальной-вазицентрической типами.,0
"Кутикула кольчатая, орнаментирована.",0
"Строго говоря, это («геномные мутации») – модификационные (т.е. ненаследуемые) изменения белков, которые тем не менее влекут за собой наследственные изменения генома.",1
"Интенсиональность и экстенсиональность значения - это, по сути, две стороны данного процесса, свидетельствующие о его целостной и эластичной природе.",1
"Функция данной лексемывыступает не как отдельный самостоятельный объект, а как один из элементов более широкого целого во взаимодействии с другими его элементами.",1
"Мы условно будем говорить о контакте, так как термин """"коммуни­кация” обычно воспринимается как синоним общения и в то же время несет определенную (нежелательную в данном случае) методологическую нагрузку.",1
Узкая пленчатая верхушка чешуи без ресничек по краю или с немногими короткими ресничками.,0
"Брюшко серое, без рисунка, дорсально с редкими черными щетинками.",0
"Здесь t - время, mp - масса атома, z - вертикальная координата, g - ускорение свободного падения.",1
"Хрупкий, твердость около 2.5-3 (по Моосу), спайность слабая по (010).",0
И эту ситуацию хочется назвать имитацией авторства.,1
"Рыльца 0.3-0.7 мм длиной, двулопастные.",0
"Листья голые, прикорневые, на черешках 2-3 см дл.; с ланцетными влагалищами; пластинки 5-8 см дл., 2-3 см шир., в очертании яйцевидные, перистые, с сегментами сидячими или почти сидячими, яйцевидными, до 1.5 см дл., 1 см шир., крупнозубчатыми.",0
Цвет на препарате.,0
"Четыре головные сенсиллы в форме тонких щетинок длиной 2.0- 2.5 мкм, что равно 22-26% диаметра области губ.",0
"""Социально-эмоциональные навыки – это концепция, объединяющая несколько близких по смыслу, но отличающихся по контексту употребления понятий.",1
"Это (навыки XXI века) понятие описывает набор навыков, который обеспечивает согласованность действий и интеграцию различных сфер для достижения успеха в современном мире.",1
Самец (голотип).,0
"Листья 4-6 см дл.; рахис листа волосистый и железистый с немногочисленными изогнутыми шипиками; прилистники хорошо развитые, с длинными заостренными ушками 11-18 мм дл., 3-5 мм шир., сверху голые, снизу слегка опушенные, но краю усеянные железками и единичными волосками; листочки в числе 5-7 удлиненно-эллиптические, мелкие 14-25 мм дл., 8-14 мм шир., при основании клиновидные с длинно заостренной верхушкой, сверху голые или с единичными волосками, снизу опушены, по средней жилке с примесью железок, по краю сложно-зубчатые с железками на концах зубцов.",0
"Индивиды стеклита зачастую в разной степени расщеплены, иногда напоминают открытую книгу.",0
"II, /, 3, 4).",0
"Третий членик в 1.3-1.6 раза длиннее 4-го, равен 0.8-1.0 длины 6-го членика, 1.0-1.3 длины шпица, с 3-12, в норме с 4-8, вторичными ринариями в базальной части (рис. 1 б).",0
"Повторяющиеся ситуации взаимодействия членов общества обслуживаются типическими формами речевой коммуникации, которые носят название жанров общения.",1
"В отечественной психологии под навыком принято понимать действие, доведенное до автоматизма путем многократных повторений;",1
"Таким образом, синтаксический признак - это теоретический конструкт, позволяющий записать синтаксическую информацию (в рассмотренных случаях - информацию об особенностях управления) в сокращенном и обобщенном виде.",1
"В качестве средств выражения модуса текста, кроме специфических – заголовков/заглавий, текстовых пробелов, членения на абзацы и элементы диалога, интонации в устно произнесенных текстах и под., нами рассматриваются те же средства, что и в модусе высказывания. и что мы бы назвали сложными модусными перспективами.",1
"В последнее время все шире применяется технология так называемой автоматической навигации, которая осуществляется при помощи спутниковых средств связи - глобальных позиционных систем. каждое подобное движение - это коммуникативное событие;",1
"Показатели преломления, измеренные в иммерсионных жидкостях (X = 589 нм): Np = 1.626(5), Nm = 1.714(3), Ng= 1.740(5).",0
"Критерием развития личности служит наличие или отсутствие смысла жизни. понятие смысла жизни, или жизненной концепции, которое в известной мере характеризует теоретический способ организации личностью жизни.",1
"Трубка венчика 1.2 см длиной, в верхней части расширенная, изогнутая, довольно сильно выставляется из чашечки, верхняя губа 2.5-3 мм длиной, почти до основания рассеченная на широко-обратнояйцевидные доли, нижняя губа 5-6 мм длиной, с полукруглыми 1-1.5 мм длиной и 2.0-2.5 мм длиной, и почковидной, по краям мелкозубчатой, на верхушке слегка выемчатой долей средней губы 3.5-4 мм длиной, 5-6 мм шириной, с бородкой волосков.",0
В других концепциях сознание рассматривается как соотнесение индивидом своего субъективного опыта с социально-выработанными образцами.,1
"Рылец 2, редко 3.",0
"Говорилось, что „сознание"" есть термин очень сбивчивый»; оно понимается главным образом как феномен сугубо индивидуальный, связанный с накоплением, трансформацией и организацией опыта индивида, или как проявление духовной связи между людьми.",1
"I, 2).",0
"Столбик 0.5-1.5 мм длиной, цельный или немного расщепленный.",0
Твердость по шкале Мооса 2Уг-3.,0
Орешки неизвестны (рис. 1).,0
"Одной из форм человеческого общения, получающей широкое распространение под влиянием научно-технической революции, является многоканальная и многократно опосредованная духовная коммуникация. .",1
"Существование, жизнь – цель живой системы;",1
"Под микроскопом в проходящем свете звягинит бесцветный, не плеохроирует.",0
Это есть три (как минимум) сложные модусные перспективы в тексте; сложные модусные перспективы – это не сам модус.,1
"Ферроиндиалит хрупкий, с раковистым изломом.",0
"Сбоку хелицеры треугольной формы с расширенным основанием, выступающим вперед за пределы головогруди (рис. 1).",0
"«Текст,- пишет он,- это функция времени» (из цитаты);",1
Наука о целях и целесообразности – телеология.,1
"Зс и 4d (32-49) тонкие, гладкие;",0
"Вблизи субмаргинального ребра ретикулум отсутствует, и поверхность щита выглядит гладкой.",0
"""Первоначальное определение «один ген – один признак» оказалось слишком расплывчатым;",1
"Наличник с предвершинной поперечной блестящей областью, двумя слабыми бугорками на переднем крае и коротким базальным срединным килем, поверхность наличника гладкая.",0
"«принцип системности, прошедший естественный отбор временем, радикальным изменением идеологического контекста и сменой ключевых фигур нашей психологической науки, может быть сформулирован в виде необходимости в психологии многоуровневых объяснений, объединяющих разные уровни причинности.",1
"Остальная поверхность головы в мелких ячейках, на фоне которых расположены крупные точки.",0
"Имеется 10 пар генитальных, 2 пары анальных и 4 пары аданальных щетинок.",0
"Многолетник с толстым волокнистым корнем и корневищем, несущими спящие почки и цветоносные стебли.",0
Общение представляет собой многогранный процесс взаимодействия и взаимовлияния людей друг на друга.,1
"Стебелек поперечный (10 : 34), в продольных резких морщинках, 2-й тергит поперечный (26 : 40), в продольных, довольно густых морщинках, достигающих % длины тергита.",0
"Си, изогнута.",0
"Естественны поэтому и такие подходы к определению общения, когда последнее характеризуется как """"процесс проявления личностного отношения».",1
"Теория покоя – статика, теория движения – динамика.",1
"Мотивировка наименования, тот признак, который делается представителем понятия для сознания,-это несомненная СД;",1
"4, 1-3) с эктопарамерами, в профиль похожими на таковые Ph. gran- dis, но наиболее выдающийся сзади выступ эктопарамеров расположен выше (в верхней половине эктопарамеро в), а срединная выемка задней части эпифаллуса почти трапециевидная (но не угловидная и не округлая).",0
"В настоящее время общая теория относительности (ОТО), являясь общепризнанной теорией гравитации;",1
"Солитоны - волны, локализованные за счет нелинейных механизмов, - обычно разделяются на два класса.",1
Не растворим в воде и не флуоресцирует.,0
"Оно представляет собой и отношение людей друг к другу, и их взаимодействие, и обмен информацией между ними, их духовное взаимопроникновение.",1
"Следует также отметить, что прионизация белков и шире – образование амилоидных агрегатов вовсе не обязательно представляет собой патологический процесс.",1
"Спайность совершенная по (001), хорошая по (100) и (010), отдельности не наблюдалось.",0
"Однако общение, как это уже отмечалось нами ранее , достаточно многогранное явление.",1
"II, 2).",0
"Иными словами, психология есть на современном этапе теория деятельности.",1
"Кроющие чешуи светлоокрашенные (палевые), у средней жилки нередко присутствует красно-бурый цвет, который часто сохраняется лишь в виде красно-бурых продольных штрихов; в средней части чешуи расположена выступающая более светлая жилка, выходящая на верхушке из узкого неглубокого выреза в виде ости 5-7 мм дл.",0
"КФ представляет собой единицу принципиально иного порядка; именно коммуникативные фрагменты, то есть целые готовые выражения, являются первичными, целостными, непосредственно узнаваемыми частицами языковой материи.",1
"Такое понимание мышления хорошо выражено Э. В. Ильенковым, подчеркивающим необходимость рассматривать «мышление как деятельность, созидающую науку и технику, то есть как реальный продуктивный процесс, выражающий себя не только в движении слов, а и в изменении вещей» (из цитаты).",1
"Фр всегда является частью комплекса функций, выполняемых комплексом средств, среди которых одни играют роль исходных систем, а другие  - роль среды. тип потенциального соотношения ́система - среда выступает как настоящее актуальное (Фп, требующая связи презентной формы с актуальной ситуацией), другой - как настоящее историческое (Фп, программирующая функционирование данной формы в той среде, которая представлена повествовательным контекстом и ситуацией повествования).",1
"Секреторные канальцы септированные, по одному крупному в ложбинке и два на комиссуральной стороне.",0
"1с (41- 53) дерете новидные, опушенные.",0
Одна из текстообразующих ролей модуса – это также создание автором сложных модусных структур.,1
"Цветоножки не сколько неравные, при плодах слегка утолщенные, 5-7 мм дл.",0
"Голова снизу в густых длинных волосках, размеры которых в 2 раза превышают длину волосков на глазах.",0
"Тело черное, жужжальца черные.",0
Фр в каждом конкретном случае - это реализация некоторой способности в данном акте речи.,1
"В проходящем свете минерал зеленый, без дисперсии и плеохроизма.",0
"Дискурсивная деятельность и, шире, дискурсивное поведение есть способ самовыражения языковой личности;",1
"Кустарник или невысокое дерево с довольно сильно опушенными молодыми побегами; кора ветвей серая; колючки малочисленные или вовсе отсутствуют, тонкие, до 1 см дл.; почки мелкие, шаровидные, 2-4 мм в диам.",0
Створки выпуклые с плоской центральной частью лицевой поверхности.,0
"Колоски одиночные, на коротких ножках (на веточках могут быть сдвоены), удлиненно-яйцевидные, 1-2.7 см дл.",0
Передние голени бурые с тонким светлым кольцом в базальной трети.,0
"То, что мы называем внутренними переживаниями, суть явления, возникающие на поверхности системы сознания, в форме которых сознание выступает для субъекта в своей непосредственности.",1
Постботридиальная и нотогастральные поперечные полосы слабо выражены по сравнению с ювенильными стадиями и видимы только в расчлененных экземплярах.,0
"Язык предстает как иерархия единиц различных порядков; целое, которое мы называем нашим “знанием” языка; которое можно определить как неустойчивую, или динамическую заданность; языковой материал, с одной стороны, существует для говорящего в конкретном и непосредственном виде, как собрание готовых языковых “предметов”;",1
"Законы телеологии - это требования, предъявляемые к в целом (к сумме) и к отдельным ее слагаемым.",1
"Еще один широко используемый термин – некогнитивные навыки – пришел из экономических исследований, где под ним понимается все, что не относится к рациональным аспектам принятия экономических решений . его можно определить как «все, что не интеллект»;",1
"Прицветники 1.6-3 мм длиной, обратнояйцевидные или продолговатые, на верхушке тупые или закругленные, бурые, с обеих сторон опушенные длинными волосками (опушение изнутри более густое).",0
"Под первыми, понимаются все те случаи, когда какие-либо посторонние живому организму факторы препятствуют полному перемешиванию.",1
Стоматоцисты неизвестны.,0
Гааза голые округлые.,0
"Таким образом, коммуникация предстает не как данность, а как заданность.",1
Внутренние губные сенсиллы в форме мелких папилл и едва заметны.,0
"Волоски 3-го членика слабо головчатые (0.022-0.028), 0.6-0.8",0
"Под этим параметром имеется в виду относительное текстовое пространство, отведенное под авторское начало""",1
"427). В иммерсии бесцветный прозрачный, двуосный (-), с отрицательным удлинением пластинок и близким к прямому угасанием (cNp = 0-7°, возможно, из-за расщепления кристаллов); ng 1.459, пр 1.453, двупреломленне 0.005-0.006.",0
Взаимодействие между популяциями есть прежде всего изначальное непрерывное взаимоотражение их статических структур.,1
"Таким образом, контекст - это лингвистическая ситуация.",1
"Таким образом, текст представляет собойсообщение, в котором снимается энтропия, порождаемая отдельным предложением.",1
Экскреторн пора локализуется слегка позади нервного кол ца.,0
Спайность совершенная но излом листоватый.,0
"Лоб с широким желобком, глубина которого составляет 0.20-0.22 расстояния между вершинами усиковых бугров (рис 1 а).",0
В заднем крыле начало /Ссектора сильно сдвигается по поперечной жилке в сторону МР-1.,0
"Соцветие зонтиковидное, с 1(2) короткими веточками.",0
"Интроны – участки ДНК, копии которых удаляются из первичного транскрипта и отсут­ ствуют в зрелой РНК.",1
"Диалог таким образом - это не то, что выбирается, а то что испытывается;",1
"Деятельность - это якобы не поведение, а поведение - не деятельность.",1
Схема абсорбции: Ng > Nm > Np.,0
"Объект (предмет, продукт) деятельности, имея предметное, внешнее бытие, в то же время выступает как идеальное образование, как пси­хический образ, и таким путем детерминирует психическую деятельность.",1
Вычисленная плотность равна 3.56 г/см3.,0
"Стебель тупотрехгранный внизу и остротехгранный в средней и верхней части, на верхушке переходит в трехгранный прицветный лист, который немного длиннее, равен или короче соцветия.",0
Растение 60-80 см выс.,0
"Текст как целое обладает собственной предикативностью, отличной от предикативности входящих в него компонентов.",1
"Это, во-первых, теории социальной деятельности, в которых последняя выступает в своем отношении к объекту и к реализуемым в ней общественным отношениям как категория философско-социологическая без каких-либо попыток перевода ее в план конкретно-психологической интерпретации.",1
"Дарвинизм или теория происхождения видов естественным отбором является одной из основных теорий телеологии и состоит из трех частей: из теории изменчивости живых систем, теории естественного отбора в борьбе за существование и теории наследственности (генетики).",1
"Важнейшей единицей такого рода, лежащей в основании мнемонического владения языком, мне представляется коммуникативный фрагмент.",1
"Гоностиль (рис. 2, 2) короткий, длина в 1.8 раз больше его ширины, крупный с широко усеченной слегка вытянутой к конечному зубцу вершиной, окруженный тонкими щетинками и группой мелких зубчиков над конечным.",0
Крылья.,0
"(Длина тела самцов 8.9-9.2, самок 9.2-12.2, ширина, соответственно, - 2.5-2.6 и 2.7-2.8 мм.",0
"В клетках лучей и аксиальной паренхимы обнаружены кристаллы оксалата кальция и кристаллический песок (обр. 261, табл.",0
"Соцветие многоцветковое, рыхлое, щитковидное; цветоножки и гипантии с курчавым опушением, уменьшающимся но мере созревания плодов; чашелистики яйцевидно-треугольные или широкотреугольные, при плодах приподнятые или прямостоячие; тычинок 18-20; стилодиев 3-5, свободных; плоды шаровидные, небольшие (0.7-0.8 мм в диам.), черные, суховатые.",0
При этом случайность определяется как беспричинность.,1
"Черта белая, блеск стеклянный.",0
"Обертки 11-13 мм шир., довольно узкие, зеленые; наружные листочки обертки от яйцевидных до яйцевидно-ланцетных, прилегающие к внутренним, но краям довольно широкобеловатые, почти перепончатые, с заметными жилками, без рожков, внутренние листочки линейно-ланцетные, без рожков или отчасти с едва заметными рожками.",0
Понятие «социально-эмоциональная компетентность» чаще всего встречается в контексте образовательного процесса.,1
"Похожа на самца, но с передними ногами и генитальной пластинкой примерно как у самки Ph. boldyrevi; яйцеклад короче, чем у последнего вида (в 1.3 раза короче заднего бедра).",0
В ультрафиолетовых и катодных лучах минерал не люминесцирует.,0
"Головогрудь овальная, спереди тупо",0
Описание.,0
"Ноги бурые, с желтым рисунком, в черных редких шипах.",0
"Прилистники широкосерновидные, с малым количеством крупных зубцов, на стерильных побегах более крупные.",0
"По краям лучи обрамляют слои квадратных и короткостоячих клеток, высота которых в 1.2-1.5 раза превышает длину, иногда такие слои перемежаются со слоями лежачих клеток.",0
"Длина тела голотипа 1078, ширина 713, пяти паратипов - 1078-1261 х х 730-780, в среднем 1148 х 750, соответственно.",0
"Скапус снизу отчетливо с двумя килями, нижний киль пластинчатый, верхний слабый.",0
Причем орнамент кутикула на разных участках тела разный.,0
"Передние и задние линии Банкса развиты в обеих парах крыльев, стигмы белесые, хорошо заметны на темном фоне.",0
"Знаковый материал этого кода есть не что иное, как нейрофизиологические следы репрезентативно-двигательных коммуникативных способов передачи информации (жестового, мимического, интонационно- звукового и т.д.).",1
"Такое понимание позволяет рассматривать определенную группу носителей языка, имеющую сходные речеповеденческие проявления, как «коллективную языковую личность».",1
Дискурс – это речь «погруженная в жизнь».,1
"Окончание этого отростка служит источником плазменных «пуль», представляющих собой светящиеся следы распространения волн ионизации, скорость движения которых составляет примерно 200 км/с . Именно она называется апокампом.",1
"Зонтички 11-15-цветковые; листочки оберточки сходные с листочками обертки, по краю короткошероховатые, короче зонтичка; цветоножки 2-5 мм дл., ребристые, короткошероховатые или почти голые, немного утолщенные.",0
Наблюдатель здесь - активная сила;,1
"Бедра всех ног желтые в базальной половине и с желтыми коленками, дистальная их часть бурая.",0
"Г.Г.Филиппова использует термин «интеллектуальная форма регуляции деятельности», функция этой формы регуляции – «изменение поведения субъекта в соответствии с ситуативными, неповторяющимися изменениями объекта».",1
"Иными словами, текст – это не что иное как взгляд на дискурс только с точки зрения внутреннего (иманнентного) строения речевого произведения.",1
"Сознание рассматривается так же, как тотальность впечатлений, мыслей и чувств, которые создают личность.",1
"Пальпы (139-143) четырехчлени- ковые, формула щетинок 0-1-3-10(+1ш).",0
"Но быть подверженным коммуникации - это не то же, что быть повременным ею;",1
"В перечисленных подходах сознание трактуется как нечто, вытекающее из опыта индивида, как интегратор его внутренней жизни - впечатлений, переживаний, мыслей и т.д.",1
"Комплекс Фп, возможных для той или иной языковой единицы и определяющих ее поведение в речи, образует потенциал функционирования языковой единицы.",1
"Популяционные волны - это флуктуации вокруг некой моды, в то время как изоляцией мы называем перерыв или полное нарушение панмиксии;",1
"«Сознание,-писал Маркс,-с самого начала есть общественный продукт и остается им, пока вообще существуют люди» (цитата);",1
"При этом популяция хищника (жертвы) есть не только причина структуры популяции жертвы (хищника), но и следствие.  популяция выступает и как причина и как следствие.  совокупный вещественно-энергетический субстрат организмов популяции остается всего лишь носителем приспособленности.",1
Современный радикальный бихевиоризм трактует сознание как «оперантное обусловливание вербального поведения».,1
"""Развитие антропоцентрической лингвистикиназывают дискурсивным переворотом в гуманитарных науках; текст – наблюдаемая лингвистическая данность и моделируемый объект – является не только основным, связующим звеном между коммуникантами в процессе их взаимодействия, но и объектом, сущностная природа которого в значительной степени предопределена его функцией (из цитаты А.Е.Кибрика);",1
"Длина тела половозрелых червей 3.2- 8.5 мм, наибольшая ширина 3.8 мм, т.е. длина тела в 3-4 раза превышает ширину.",0
"Так, А.А. Леонтьев в одной из своих работ писал: """"Общение следует понимать не как интериндивидуальный, а как социальный феномен; как его субъект следует рассматривать не изолиро- ванного индивида, а социальную группу или общество в целом.",1
Черта белая.,0
Преклоакльные супплементарш органы отсутствуют.,0
"В функциональной системе результат представляет собой ее органическую часть, оказывающую решающее влияние как на ход ее формирования, так и на все ее последующие реорганизации.",1
Киль между усиковым бугорком и глазом хорошо развит.,0
Арангасит обнаружен в пустотах среди кварц-мусковит-турмалин-суль- фидных жил и околожильных грейзенов.,0
Эндосперм плоский (рис. 2).,0
"Это - учение об одной из сторон одного из видов или аспектов деятельности - именно речевой деятельности""",1
"Аданальные щетинки adx (164-168) заметно расширены и срединной части, опушенные; ad2 (114-131), ad2 (98-110) и adA (98-110) слабо расширенные и менее опу шенные.",0
"""С квантовой точки зрения эффект Капицы-Дирака представляет собой индуци­рованное комптоновское рассеяние.",1
"Иногда стеклит формирует, как правило, вместе с эвхлорином, алюмоключевскитом, лаш бейнитом и гематитом, тонкие корочки площадью до 1.5x2.5 см на поверхности вулканического шлака (рис. 1, б).Стеклит с Толбачика прозрачный, бесцветный, в агрегатах белый до сероваго-белого.",0
"Модус текста, в отличие от модуса высказывания, рассматривается почти всегда соотнесенно с конкретным автором (типом авторов), реже рассматривается (как модус высказывания) безотносительно к автору (типам авторов).",1
"Брюшко продолговатое (52 : 40), с выступающим яйцекладом.",0
"Последней особенностью психического отражения, на которую мы считаем важным обратить внимание, является то, что, осуществляя интеграцию и ориентацию субъекта во внешнем мире для освоения последнего, в качестве своего обязательного звена психика предполагает также освоение и учет внутреннего мира субъекта – объективной реальности его организма и тела.",1
"Притяжения и отталкивания – причины движения и развития, зарождения, роста, существования, жизни, старения, распада и смерти материальных систем.",1
Лирифиесуры iad не обнаружены.,0
"Для эукариот ген можно определить как участок ДНК, по которому образуется функциональная молекула НК.",1
Они представляют собой отношение между линиями сложных модусных перспектив.,1
На втором членике лапок 15-24 волоска разной длины (рис.).,0
"Понятие навигации, которое изначально сводилось к определению курса и положения плавательного корабля, в этом плане можно осмысливать как коммуникативную деятельность по нахождению значимого «пути».",1
"Прекубитальное поле переднего крыла простое, без или с 1-2 поперечными жилками.",0
"В отличие от нее лишь вышеуказанный живой диалог реальных субъектов (современников) представляет собой исходную и наиболее яркую форму непосредственного общения (лицом к лицу) - беседы, дискуссии и т. д.",1
"""Термин ""семантический признак"" обозначает ту часть значения определенной содержательной единицы языка (обычно - лексемы), по которой она противопоставлена другой содержательной единице языка, при условии, что достаточно большая часть их значений совпадает.",1
"Глаза выпуклые, овальные.",0
"Фовеи амфидов в форме поперечной щели с двойным конту ром и расположена на уровне переднего кольца кутикул Ширина фовей амфидов 7.0-7.5 мкм, что равн ется 80-85% диаметра тела на данном уровь Слегка впереди фонзей амфидов, в субкутикуля ном слое имеются 6 сильно кутикулизированнг конусов.",0
"Можно сказать так: всякое значение формы есть вместе с тем ее функция (в том смысле, что выражение этого значения представляет собой назначение данной формы), но не всякая особая функция той или иной формы есть особое значение""",1
"Основное содержание дления - это повседневная борьба за существование, в которой популяция остается носителем приспособленности. индивидуальность и целостность - достояние популяции, а не организма.",1
"Это воздействие называется «генетической обусловленностью», «наследственностью».",1
"Желобок хелицер по переднему краю с длинными щетинками, покрытыми мельчайшими бугорками (рис. 1, 2).",0
Тело черное.,0
"Спереди тело закруглено и сужено, сзади округлено.",0
"Щетинки lb, 2а, За, J6, 4а, 4Ь, 4с (65-82) простые, опушенные;",0
"(цитата) . апелляция к объяснительным редукционистским теориям должна рассматриваться как регресс психологического знания.""",1
"Таким образом, результат является неотъемлемым и решающим компонентом системы, инструментом, создающим упорядоченное взаимодействие между всеми другими ее компонентами. сам полезный результат является, несомненно, функциональным феноменом, мы и назвали всю архитектуру функциональной системой.",1
"Лента лЗ хорошо заметна вблизи второй пары кинетосом и представляет собой С-образную структуру из микротрубочек и фибриллярной пластинки, соединенных тонкими фибриллами (рис. 3Л 3Ж).",0
Гонококситы в основании с двумя группами плотно стоящих щетинок.,0
"Отдельные кристаллы под микроскопом и в иммерсии бесцветные, прозрачные.",0
И именно в результате диалога коммуникация как «превращение внешней формы во внутреннюю всегда является творческим процессом».,1
"Такая потребность называется потребностью в самовыражении, в самореализации, в проявлении своего «я», о чем мы еще будем говорить.",1
Сохранение образа сокращенной части действия является условием его сознательности.,1
Он пишет: «Точные науки - это монологическая форма знания» (из цитаты); вещь и субъект (личность) суть принципиально разные предметы познания.,1
Земная жизнь - это «суета сует».,1
"Модель модифицированной гравитации стоит рассматривать как альтернативу ОТО; заряд, являющийся эффективным проявлением дополнительных измерений.",1
"Диалог - это наш символический и корпореальный контакт с объектом вне нас, который мы пытаемся понять, т.е. к которому мы пытаемся отнести себя.",1
Принцип целесообразности является категориальным основанием теоретической биологии;,1
Хрупкий.,0
"Однако в обеих традициях навык рассматривается как образование, формирующееся через тренировку и практику.",1
Твердость по шкале Мооса - 3.,0
"Крылья 7-10 мм дл., продолговато-ланцетные, до 2 мм шир., на верхушке чуть закругленные (рис. 1,6).",0
"Соленидии ф на голенях I и 11, а"" на коленях I, а на коленях II-IV образуют двойную группу со шетинкой d.",0
"Таким образом, под текстом здесь предлагается понимать не фиксированную устную речь.., а особую разновидность языкового творческого акта, имеющую свои параметры, отличные от параметров устной речи. речь - это движение, процесс;",1
Описание.,0
"Кроме того, при изучении современного вулкано- гснно-эксгаляционного преимущественно медного рудопроявления на Втором конусе СП БТТИ (Большое.., 1984) было замечено, что ламмерит-Р встречается крайне редко.",0
"Щетинки короткие, 3-4 мкм длиной.",0
"Цвет мариинскита очень темный, насыщенно-зеленый, хорошо видимый в мелких зернах (0.1 мм и меньше) при ярком освещении.",0
"Форма пор разнообразна за счет инкрустации породой (обр. 260, табл.",0
"Условия коммуникации, точнее - сама коммуникация является напряженным, тенсиональным процессом.",1
"Специфика его состоит в том, что это - идеальное отражение, формирующееся и развивающееся в процессе исторического развития человека.",1
"Далее необходимо отметить, что метрики Шварцшильда, Рейснера – Нордстрома, Керра – Ньюмана не всегда являются точными решениями в расширенной теории гравитации;",1
"Случайность здесь понимается как беспричинность. дарвинизм – теория происхождения видов естественным отбором, теория прогрессивного развития живой природы;",1
"Воплощение смысла в значениях – это глубоко интимный, психологически содержательный, отнюдь не автоматически и одномоментально происходящий процесс.",1
"Функция в результативном аспекте (Фр) - результат функционирования данной единицы во взаимодействии с ее средой, т.е. назначение как достигнутая в речи цель.",1
"Конечные доли сегментов линейно-ланцетные, 3-5 мм дл., 0.5-1 мм шир., на концах закругленные, внезапно переходящие в короткое остроконечие.",0
В ультрафиолетовых лучах (X 240-400 нм) нс люминисцирует.,0
"Фамулюс (е) конический, короткий.",0
В этом типе системно-парадигматического анализа каждое из языковых средств рассматривается как обладающее определенным семантическим потенциалом.,1
Епифановит имеет бирюзово-голубой цвет и бледно-голубую черту.,0
Что же такое лингвистика?,1
"Акростихальных шетинок среднеспинки около 10, они очень короткие и начинаются недалеко от границы с передней спинкой.",0
"Прозрачный, со стеклянным блеском.",0
"Смыслу жизни противостоит отчуждение жизни от человека - лишение его реальных действии, поступков, их ценности, значимости, превращение их в функциональные.",1
"Продорсум, нотогастр и аногенитальная область с округлыми поровыми полями диаметром до 20. образующими на нотогастре тонкие прерывистые поперечные полосы.",0
"Крупные и среднего размера черные или бурые муравьиные львы с прозрачными крыльями без рисунка (рис. ), 4 и 2).",0
"Исходя из сказанного, функциональное состояние мозга можно определить как звено в системной реакции организма, проявляющееся в виде интегрального динамического комплекса наличных характеристик тех функций и качеств нервных структур, которые прямо или косвенно обусловливают выполнение деятельности""",1
"Антенны короткие - короче длины груди, с постепенно расширяющейся уплощенной булавой, черные, лишь скапус с широким светлым пятном.",0
"А каждое социальное взаимодействие людей, каждый коммуникативный акт, при всей его типичности – явление столь же уникальное, сколь неповторим облик языковой личности.""",1
"Это не плоскость, даже не емкость, заполненная образами и процессами.",1
слабо опушенные: а (65-73) гладкие.,0
"Прилистники 1.5-12 мм длиной, полусердцевидные, по краю железистопильчатые, голые или опушенные.",0
Определение «один ген – один фермент» также оказалось неточным; определение «один ген – одна полипептидная цепь» также устарело.,1
"Диалог - это наше вовлечение, «ввержение» в коммуникацию;",1
"С таких позиций Бахтин преодолевает монологизм, означающий, по его мнению, «отрицание равноправности сознаний в отношении к истине (понятой отвлеченно и системно)». в исходном и наиболее точном смысле слова диалогом является живое общение между людьми, в процессе которого его участники духовно обогащают друг друга, выражают, преобразуют, развивают свои мысли и чувства, вы- рабатывают общую позицию или, наоборот, остаются при своих взглядах (теперь уже уточненных) и т. д.",1
Твердость по шкале Мооса 2 уг.,0
"Преобразование Фп → Фр представляет собой элемент преобразования потенциальных аспектов языковой системы в реальные процессы языковой деятельности и их результаты в речевых произведениях. каждая конкретная Фр в данном высказывании представляет собой вариант, восходящий к определенному комплексу Фп и к определенному типу функционирования языковых единиц.",1
"Плотность, определенная в растворе жидкости Клеричи, составляет 4.25(2), вычисленная 4.25 г/см3.",0
Первое важное свойство авторского начала – это выявленность автора и его роли.,1
"Есть лишь система речевых действий, входящих в какую-то деятельность - целиком теоретическую, интеллектуальную или частично практическую.",1
"Самые верхние стеблевые листья с пластинкой, рассеченной на нитевидные доли до 1.5 см дл.",0
"Цит. по: Гайсинович, 1988).",1
Вторым свойством авторского начала следует назвать степень сложности;,1
Физические свойства и оптические характеристики.,0
"Шпоры рыжие, почти прямые, короткие, на всех ногах короче первого членика лапки.",0
"Для агрегатов черта белая, блеск матовый до шелковистого, твердость 1-2.",0
"Столбик с почти равными, назад изогнутыми рыльцами, короче верхней губы.",0
"Проксимальный край широкий и гладкий, задняя кромка узкая.",0
"Следовательно, под геномом организма в настоящее время понимают суммарную ДНК гаплоидного набора хромосом и каждого из внехромосомных генетических элементов, содержащуюся в отдельной клетке зародышевой линии многоклеточного организма. феномен значительной избыточности генома эукариот в отношении некодирующих последовательностей нуклеотидов известен в генетике под названием """"парадокса С».",1
Описание.,0
"Мерикарпии эллиптические или яйцевидные, 5.2 мм дл., 2-2.5 мм шир., на поперечном срезе слегка сжатые со спинки, ребра слегка волнистые, короткокрыловидные или килевидные, часто неравные, а иногда некоторые неразвитые.",0
"Кромка узкая, ниже купола дистальный конец кромки образует плечо.",0
Жизнь по природе своей диалогична.,1
"Медиальные генитальные щетинки (6 пар) короткие (57-65), гладкие; латеральные щетинки длиннее (98-114) и толще, опушенные (кроме пары гладких перед не-латеральных).",0
"Мендигит оптически двуосный отрицательный, пт= 1.782(5), ng = = 1.796(5);",0
"Экзоны – участки ДНК, копии которых со- ставляют зрелую РНК.",1
"Мандибулы желтоватые, их зубны с красноватым оттенком.",0
Ноги желтые; бедро I слегка зачернено.,0
Самец.,0
"Сложные модусные перспективы – это те логические, эмоциональные и выразительные линии, по которым из отдельного высказывания распространяются определенные модусные смыслы на определенные дистанции текста; это то, как меняются высказанные особенности предмета речи в тексте;",1
Имаго.,0
"В выделенных кристаллах заметны грани призм (110) и (010) и нередко видна характерная для амфиболов грубая штриховка, вероятно, на гранях (110) (рис. 1).",0
встречаются упомянутые выше вторичные минералы.,0
Экзокарп и семенная кожура из мелких клеток.,0
"Многолетнее бесстебельное растение; стрелки 25-35 см высотой, малочисленные, умеренно отстояще- или полуприжато-опушенные.",0
"От кинетосом отходят три ленты, состоящие из тесно сближенных микротрубочек.",0
"Коммуникацию как (само) раскрытие понимания, можно рассматривать как процесс своеобразной навигации.",1
"Зонтики до 4-5 см в диам.; лучи в числе 6-17, слегка неравные, до 2-3.5 см дл., ребристые короткошероховатые, слегка утолщенные; листочки обертки в числе 5-7, травянистые, узколинейные.",0
"Сигнал – это материальный носитель информации, служащий упорядочиванию связей в системе. сложный механизм адаптации целостного растения к внешним условиям, который A.Trewavas  называет «разумным», в действительности является суммой и кооперацией совокупности адаптационных процессов, осуществляемых разными клетками и органами искомого растения. и в целом с такой характеристикой мышления животных, как способность к экстренному решению новых задач (см. ), а также с понятием антиципации как способности субъекта избирательно относиться к воздействиям среды и предвосхищать ее изменение (см. ).",1
Ориентировка: Yи Z лежат в плоскости аЪ.,0
"Само расширение выглядит как добавление в метрическую функцию следующего члена разложения по 1/r. благодаря чему каждая точка края тени становится уникальной пробой потенциала ЧД; a = J/M - угловое ускорение ЧД, M - ее масса, а J - угловой момент. где q - это приливный заряд.",1
"Понятие soft skills определяется как комплекс черт личности, социальных умений, креативности, языковых навыков, дружелюбия и оптимизма, важных в работе и развиваемых в результате целенаправленного воздействия.",1
"Прилистники бурые, кожисто-перепончатые, между собой до середины - двух третей сросшиеся, 10-20 мм длиной.",0
Пространственную организацию ядра также рассматривают как «механизм эпигенетической регуляции»;,1
"Нектарники одиночные, 1-1.2 мм длиной, яйцевидные, цельные или частью двулопастные.",0
Пыльники с ресничками на верхушке.,0
"Цветки собраны в довольно плотный колос 2-3 см длиной, редко нижние мутовки бывают отставленными от основных и тогда они сидят на коротких ножках в пазухах листьев.",0
"Вычисленная из средних значений пт, ng и 2F, эта величина может быть оценена как 1.722.",0
Жилки крыльев желтоватые.,0
"I, 4).",0
"В современной психофизиологии система связей между языковыми элементами разных уровней, которая образуется в сознании человека в ходе его речевой биографии и влияет на процесс воплощения мысли в слове, получила название «вербальной сети».",1
"Субкапитулярные щетинки простые, представлены 4 парами: h (77-86), m, (98-106) и	(77-S6)",0
"Биологической формой изоляции является, например, сдвиг гнездового периода во времени. изоляция - опять-таки не направляющий фактор эволюции, а фактор филогенетической дивергенции""",1
Поясок с широкой вальвокопулой с вертикальными рядами мелких пор и узкими воротничковидными вставочными ободками с рядами более крупных пор.,0
"Лицо с 7 щетинками, клипеус без щетинок.",0
Конкретное языковое сознание представляет собой социально детерминированное явление.,1
"Лексический фон - это те (взятые вместе) непонятийные СД, которые входят в семему, но не участвуют в опосредованной языком классифицирующей деятельности человека (эти СД выполняют другие немаловажные функции, о чем будет сказано ниже).",1
Модусы как принадлежность отдельных высказываний и показатели метатекста как особые текстовые «нити»  сплетаются в авторский узор;,1
"Тело удлиненно-овальное, 2.24-3.20.",0
"Итак, текст - это продукт письменного варианта языка.",1
Область губ не обособлена от тела.,0
"«скромный информатор» – автор объективированной информации без выражения каких либо позиций по отношению к ней; репортёр – участник событий, повествующий о них – достигающий эффекта присутствия, иногда за счет не только вербальных, но и визуальных средств («фото автора»); аналитик – автор, рассуждающий о значимости тех или иных событий и их последствий; выносящий обоснованные, аргументированные оценки.",1
"Дорсоиентральных щетинок 9, преалярных - 4.",0
Антенна с 13 флагелломерами и хорошо развитыми султанами щетинок; длина 13-го флагелломера 544-560 мкм;,0
"Поэтому смысл жизни - это не только будущее, не только перспектива, но и мера достигнутого человеком, оценка достигнутого своими силами по существенным для личности критериям.",1
"Наконец, прионизация белков – пример наследственной изменчивости у низших эукариот, но в то же время – пример модификаций у млекопитающих.",1
"""Известно , что какая-либо фигура или группа точек называется киральной, т.е. обладающей киральностью, если ее изображение в идеальном плоском зеркале не может быть с ней совмещено.",1
"Хвост дзинный, состоит",0
Размеры.,0
"Древесина рассеяннососудистая, просветы сосудов в поперечном сечении округлые и овальные, расположены главным образом одиночно, реже парами, группами по 3-4, рыхлыми радиальными и косотангентальными цепочками по 3-5, нередко меняющими правильную ориентацию под давлением породы при фоссилизации (обр. 261, табл.",0
Излом раковистый.,0
"«клавитурщик» – технический создатель текста, никак не выражающий своей позиции по обсуждаемым проблемам;",1
Передние и средние бедра в основан им с длинной трихоботрией - характерным сенсорным волоском.,0
"Topic - это главная тема текста, его основное содержание.",1
"От фибрилл кинетосом отходят многочисленные субмембранные микротрубочки, которые образуют ленты, в них микротрубочки не прижаты друг к другу как в лентах бороздки (рис. 35, 3Г, 3Д, 3Ж).",0
"Цель – аналог следствия («конечная причина»), стремление – аналог причины, а целесообразность – соответствие цели - обращенный аналог причинности.",1
"Поскольку в ряде случаев интроны (или их части) оказывались «кодирующими», а экзоны «некодирующими», то правильнее называть экзонами те участки ДНК, копии которых составляют зрелую РНК, а интронами те внутренние районы гена, копии которых удаляются из первичного транскрипта и отсутствуют в зрелой РНК.",1
"Лепестки белые, 1.2	1.5 мм дл., обратно-сердцевидные, слабо выемчатые, с короткой загнутой вовнутрь верхушкой и со слабо заметным секреторным канальцем.",0
"Канонеровнт образует тонкую белоснежную корочку на гранях кристаллов кварца, топаза и касситерита; эта корочка состоит из мелких радиально-пластинчатых агрегатов с величиной кристалликов от долей миллиметра до 1-1.2 мм, чрезвычайно хрупких и разрушающихся под иглой.",0
"В паренхиме имеются симбиотические зоохлореллы, от их количества цвет тела червей меняется от бледно-зеленого до темно-зеленого.",0
Ветви темно-коричневые.,0
"“Мое всеоб­щее сознание есть лишь теоретическая форма того, живой формой чего является реальная коллективность”.",1
"Следовательно, психику необходимо понимать, во- первых, как отражение субъектов самого себя и внешнего мира, а во-вторых, как процесс интеграции этих отражений в системе единого образа, вызревающего в процессе поведения (деятельности) субъекта и необходимого для его регулирования.",1
"Показатели преломления определены иммерсионным методом (X 589 нм): пи = 1.603(2), пе = 1.605(2).",0
"Кисти короткие, продолговато-яйцевидные, 3-4.5 см дл., нижние цветки поникающие.",0
"Покровы тела и ног с микроямками (видимы только под иммерсионным объективом, хЮОО), формирующими полигональный орнамент.",0
"Задние чешуйки асимметричные, с очень коротким шипом.",0
"По существу, сплайсинг – это две последовательные реакции трансэтерификации в РНК, проходящие автокаталитически либо при помощи ферментов, или рибонуклеопротеидных комплексов – сплайсосом.",1
"Звягинит полупрозрачный до прозрачного, бесцветный, жемчужно-белый, кремовый, желтовато-коричневатый, реже бледно-розовый или сиренево-розовый.",0
"Конечности темные: коксы черные, бедра и 3 последних членика лапок темно-коричневые, вершины члеников лапок черноватые, голени и метатарзус светло-коричневые.",0
На клипеусе 9 щетинок.,0
"Грудь выпуклая, почти равной длины, ширины и высоты, короче брюшка (43 : 52).",0
"Клубень шаровидный, 1-1.5 см в диам., заглубленный.",0
"4-й членик жгутика усиков в 1.9- 2.0 раза превышает его ширину (рис. 2, 4).",0
"Марксистская психология рассматривает сознание как функцию мозга, представляющую собой специфически человеческое отражение бытия.",1
При комнатной и повышенной температурах медленно разлагается и желатинирует в 50%-ных НС1 и HN03.,0
Гипопигий.,0
Альтернативный сплайсинг – образование нескольких разных зрелых РНК из одинаковых пре­РНК за счет исключения некоторых экзонов и/или оставления частей интронов.,1
"Соленидии со, на лапках 1, ш на лапках II, ф на голенях III утолщенные, притупленные дистально; другие соленидии длиннее и тоньше.",0
"Женские сережки при цветках 2-2.5 см длиной, при плодах 3-5 см длиной.",0
Генитальная пластинка широкоовальная с 2-4 волосками на диске и 11 - 15 по заднему краю.,0
Нерастворим в НС1 и HN03.,0
"Эти черви - гиганты по сравнению с другими видами рода РИаепосош, кроме Р. polycirra, который также имеет большие размеры.",0
"Каудальные железы имеются, но плохо заметны.",0
"I, 3), размещены на прямых или слегка скошенных поперечных, реже боковых стенках.",0
"Под C1 можно понимать удвоенную Массу ЧД, под C2 - какой-либо из ее зарядов.",1
"Смысл жизни - это не только будущее, не только жизненная цель, но и психологическая «кривая» постоянного ее осуществления.",1
«память есть вечное онтологическое начало».,1
"Биология – наука о живых (биологических) системах, изучает преимущественно характерные или специфические признаки, свойства живых систем, отличающие живые системы от неживых.",1
"Мсндигит встречен в виде несовершенных длиннопризматических, как правило, уплощенных по кристаллов размерами до 0.1 Х0.2Х2.5 мм (рис. 1).",0
(цитата);,1
"Плотность, измеренная пикнометрически - 2.01(1) г/см3, вычисленная по эмпирической формуле - 2.001 г/см3.",0
Теорией стабильности является генетика;,1
Самец.,0
На агрегатах канонеровита кое-где позднее отложился тонкочешуйчатый желтовато-белый мусковит и единичные кристаллики стеллерита.,0
"В общем и целом всякое высказывание, по мнению Бахтина, - это живое триединство, включающее в себя отношения, во-первых, к самому говорящему (автору); во-вторых, к другим участникам речевого общения и к их высказываниям; в- третьих, к предмету, о котором спорят.",1
Пе плсохроируст.,0
"Это наука об активном отношении общественного человека к миру во всех формах этого отношения - как непосредственно производительной, так и теоретической, и во всех формах детерминации этого отношения.",1
Описание.,0
Гомологичными являются и одинаковые хромосомы разных организмов одного биологического вида.,1
"Под текстом Ю.М. Лотман понимает «... сумму структурных отношений, нашедших лингвистическое выражение» (из цитаты);",1
Лента л1 идет внутри левой складки бороздки (рис. 3 В: 4А).,0
Единичный акт деятельности есть единство всех трех сторон.,1
"Блеск перламутровый на гранях н плоскостях спайности, а на изломе жирный.",0
"Многочисленные шипики, треугольные в основании, рассеяны но поверхности створки, редко шипики отсутствуют на всей створке или только в ее центральной части.",0
4А). Лента л2 проходит близко от ленты лЗ (рис. 4/1).,0
"Оптически одноосный, положительный.",0
"Модели с двумя дублетами хиггсовских полей, являющиеся расширением СМ, рассмотрены в . фон есть чисто КЭД-процесс γe− → e+e−e− и может быть вычислен с требуемой точностью.",1
Индивидуальное и социальное в сознании человека говорящего – характеристики диалектически взаимосвязанные.,1
Губы низкие.,0
"Чешуйки воротника с куполом и асимметричные 2-2.5 мкм длиной, 1.1-1.4 мкм шириной.",0
"Дорсальные волоски на 3-5-м тергитах слабо головчатые (0.022-0.028), 0.7-0.8 базального диаметра 3-го членика усиков.",0
"Темно-коричневая, переднеспинка латерально с 2 щетинками.",0
"Древесина (вторичная ксилема) рассмотрена на небольших фрагментах поперечной, тангентальной и радиальной ориентации.",0
Самец (голотип).,0
"Тело крупное (по величине почти как у Ph. boldyrevi); его окраска и строение похожи на таковые Ph. malawi и Ph. boldyrevi, но отличаются некоторыми перечисленными ниже признаками.",0
"Передняя часть тела с дорсальной стороны более выпуклая, в разрезе почти треугольной формы, к хвостовой части тело уплощается (рис. 1).",0
"Примем, что изменчивость есть свойство любой исследуемой совокупности однородных сущностей (в частности биологических объектов), описывающее их разнообразие как объективное явление.",1
"В заднем крыле 2А и ЗА коротко двуветвистые, обе соединены с предыдущими короткими жилками.",0
Из-за совершенной спайности минерала величину пр измерить не удалось.,0
Жужжальца черные.,0
"Для бактерий возможно определение «ген – участок ДНК, кодирующий первичную структуру одной полипептидной цепи или одной НК, или одной tНК, или одной НК».",1
"Ободки ясные, наклонные.",0
К.Ф - это целостный отрезок речи;,1
"Зубцы чашечки ланцетные или треугольные, почти равные или немного короче.",0
Чаще всего КФ представляет собой сочетание 2-4 словоформ.,1
"Она (деятельность субъекта) - не только воздействие, изменение мира, но и общественный акт, позиция.",1
Листочки обертки отсутствуют.,0
Длина задних крыльев в 4.5 раза больше их ширины; бахромка этих крыльев короткая.,0
"Бобы на ножке, равной или чуть длиннее чашечки, поникающие, неравнобокие продолговатые, часто несколько изогнутые, 7-13 мм дл., 2-3 (3.3) мм шир., на брюшке килеватые, на спинке тупо грехгранные, перепончатые, прижато черноволосистые, почти двугнездные (рис. 1, г).",0
Грудь.,0
Усики немного короче тела.,0
"Лирифиссуры im расположены медиальнее по отношению к щетинкам е2 другие лир и фиссуры (га, ip. ih, ips) - в позициях, типичных для представителей подрода.",0
"На R 8-9 коротких щетинок, на Rl щетинки отсутствуют, на R4 + 5 2-4 щетинки.",0
"Листовые пластинки стерильных побегов более крупные и широкие (до 6 см дл. и 6-7 см шир.), 5-7-глубокораздельные (на 2/3 половины пластинки), с широким основанием; нижняя пара лопастей отделена от остальных выемкой, расположенной на уровне 1/4-1/3 пластинки.",0
Вычисленная плотность 2.792 г/см3.,0
"Панцирь состоит из 4 типов чешуек (рис. 4, 5).",0
"Л. Долежел, наоборот, рассматривает текст как автономную семиотическую структуру (из цитаты);",1
"Бобы сжатые, разделенные на членики, около 15 мм длиной, 4 мм шириной, с",0
"Подстолбие коротко-коническое, в основании с валиком.",0
"передней конической части и задней более узкой, цилиндрической.",0
Пределы второго интегрирования по переменной t2 при фиксированных s1 и s2 определяются как корни первого множителя в выражении для B;,1
Длина тела 6.0-8.8 мм.,0
"Листочки оберточки в числе линейно-ланцетные, короче цветоножек или отсутствуют.",0
